# Derived from GF 0023-2020, 通用规范汉字笔顺规范, published by PRC MOE/SCLW.
# The table reproduces the 8105 codepoints and official sequence/level.
# columns: sequence, char, codepoint, level
0001	一	U+4E00	1
0002	乙	U+4E59	1
0003	二	U+4E8C	1
0004	十	U+5341	1
0005	丁	U+4E01	1
0006	厂	U+5382	1
0007	七	U+4E03	1
0008	卜	U+535C	1
0009	八	U+516B	1
0010	人	U+4EBA	1
0011	入	U+5165	1
0012	儿	U+513F	1
0013	匕	U+5315	1
0014	几	U+51E0	1
0015	九	U+4E5D	1
0016	刁	U+5201	1
0017	了	U+4E86	1
0018	刀	U+5200	1
0019	力	U+529B	1
0020	乃	U+4E43	1
0021	又	U+53C8	1
0022	三	U+4E09	1
0023	干	U+5E72	1
0024	于	U+4E8E	1
0025	亏	U+4E8F	1
0026	工	U+5DE5	1
0027	土	U+571F	1
0028	士	U+58EB	1
0029	才	U+624D	1
0030	下	U+4E0B	1
0031	寸	U+5BF8	1
0032	大	U+5927	1
0033	丈	U+4E08	1
0034	与	U+4E0E	1
0035	万	U+4E07	1
0036	上	U+4E0A	1
0037	小	U+5C0F	1
0038	口	U+53E3	1
0039	山	U+5C71	1
0040	巾	U+5DFE	1
0041	千	U+5343	1
0042	乞	U+4E5E	1
0043	川	U+5DDD	1
0044	亿	U+4EBF	1
0045	个	U+4E2A	1
0046	夕	U+5915	1
0047	久	U+4E45	1
0048	么	U+4E48	1
0049	勺	U+52FA	1
0050	凡	U+51E1	1
0051	丸	U+4E38	1
0052	及	U+53CA	1
0053	广	U+5E7F	1
0054	亡	U+4EA1	1
0055	门	U+95E8	1
0056	丫	U+4E2B	1
0057	义	U+4E49	1
0058	之	U+4E4B	1
0059	尸	U+5C38	1
0060	己	U+5DF1	1
0061	已	U+5DF2	1
0062	巳	U+5DF3	1
0063	弓	U+5F13	1
0064	子	U+5B50	1
0065	卫	U+536B	1
0066	也	U+4E5F	1
0067	女	U+5973	1
0068	刃	U+5203	1
0069	飞	U+98DE	1
0070	习	U+4E60	1
0071	叉	U+53C9	1
0072	马	U+9A6C	1
0073	乡	U+4E61	1
0074	丰	U+4E30	1
0075	王	U+738B	1
0076	开	U+5F00	1
0077	井	U+4E95	1
0078	天	U+5929	1
0079	夫	U+592B	1
0080	元	U+5143	1
0081	无	U+65E0	1
0082	云	U+4E91	1
0083	专	U+4E13	1
0084	丐	U+4E10	1
0085	扎	U+624E	1
0086	艺	U+827A	1
0087	木	U+6728	1
0088	五	U+4E94	1
0089	支	U+652F	1
0090	厅	U+5385	1
0091	不	U+4E0D	1
0092	犬	U+72AC	1
0093	太	U+592A	1
0094	区	U+533A	1
0095	历	U+5386	1
0096	歹	U+6B79	1
0097	友	U+53CB	1
0098	尤	U+5C24	1
0099	匹	U+5339	1
0100	车	U+8F66	1
0101	巨	U+5DE8	1
0102	牙	U+7259	1
0103	屯	U+5C6F	1
0104	戈	U+6208	1
0105	比	U+6BD4	1
0106	互	U+4E92	1
0107	切	U+5207	1
0108	瓦	U+74E6	1
0109	止	U+6B62	1
0110	少	U+5C11	1
0111	曰	U+66F0	1
0112	日	U+65E5	1
0113	中	U+4E2D	1
0114	贝	U+8D1D	1
0115	冈	U+5188	1
0116	内	U+5185	1
0117	水	U+6C34	1
0118	见	U+89C1	1
0119	午	U+5348	1
0120	牛	U+725B	1
0121	手	U+624B	1
0122	气	U+6C14	1
0123	毛	U+6BDB	1
0124	壬	U+58EC	1
0125	升	U+5347	1
0126	夭	U+592D	1
0127	长	U+957F	1
0128	仁	U+4EC1	1
0129	什	U+4EC0	1
0130	片	U+7247	1
0131	仆	U+4EC6	1
0132	化	U+5316	1
0133	仇	U+4EC7	1
0134	币	U+5E01	1
0135	仍	U+4ECD	1
0136	仅	U+4EC5	1
0137	斤	U+65A4	1
0138	爪	U+722A	1
0139	反	U+53CD	1
0140	介	U+4ECB	1
0141	父	U+7236	1
0142	从	U+4ECE	1
0143	仑	U+4ED1	1
0144	今	U+4ECA	1
0145	凶	U+51F6	1
0146	分	U+5206	1
0147	乏	U+4E4F	1
0148	公	U+516C	1
0149	仓	U+4ED3	1
0150	月	U+6708	1
0151	氏	U+6C0F	1
0152	勿	U+52FF	1
0153	欠	U+6B20	1
0154	风	U+98CE	1
0155	丹	U+4E39	1
0156	匀	U+5300	1
0157	乌	U+4E4C	1
0158	勾	U+52FE	1
0159	凤	U+51E4	1
0160	六	U+516D	1
0161	文	U+6587	1
0162	亢	U+4EA2	1
0163	方	U+65B9	1
0164	火	U+706B	1
0165	为	U+4E3A	1
0166	斗	U+6597	1
0167	忆	U+5FC6	1
0168	计	U+8BA1	1
0169	订	U+8BA2	1
0170	户	U+6237	1
0171	认	U+8BA4	1
0172	冗	U+5197	1
0173	讥	U+8BA5	1
0174	心	U+5FC3	1
0175	尺	U+5C3A	1
0176	引	U+5F15	1
0177	丑	U+4E11	1
0178	巴	U+5DF4	1
0179	孔	U+5B54	1
0180	队	U+961F	1
0181	办	U+529E	1
0182	以	U+4EE5	1
0183	允	U+5141	1
0184	予	U+4E88	1
0185	邓	U+9093	1
0186	劝	U+529D	1
0187	双	U+53CC	1
0188	书	U+4E66	1
0189	幻	U+5E7B	1
0190	玉	U+7389	1
0191	刊	U+520A	1
0192	未	U+672A	1
0193	末	U+672B	1
0194	示	U+793A	1
0195	击	U+51FB	1
0196	打	U+6253	1
0197	巧	U+5DE7	1
0198	正	U+6B63	1
0199	扑	U+6251	1
0200	卉	U+5349	1
0201	扒	U+6252	1
0202	功	U+529F	1
0203	扔	U+6254	1
0204	去	U+53BB	1
0205	甘	U+7518	1
0206	世	U+4E16	1
0207	艾	U+827E	1
0208	古	U+53E4	1
0209	节	U+8282	1
0210	本	U+672C	1
0211	术	U+672F	1
0212	可	U+53EF	1
0213	丙	U+4E19	1
0214	左	U+5DE6	1
0215	厉	U+5389	1
0216	石	U+77F3	1
0217	右	U+53F3	1
0218	布	U+5E03	1
0219	夯	U+592F	1
0220	戊	U+620A	1
0221	龙	U+9F99	1
0222	平	U+5E73	1
0223	灭	U+706D	1
0224	轧	U+8F67	1
0225	东	U+4E1C	1
0226	卡	U+5361	1
0227	北	U+5317	1
0228	占	U+5360	1
0229	凸	U+51F8	1
0230	卢	U+5362	1
0231	业	U+4E1A	1
0232	旧	U+65E7	1
0233	帅	U+5E05	1
0234	归	U+5F52	1
0235	旦	U+65E6	1
0236	目	U+76EE	1
0237	且	U+4E14	1
0238	叶	U+53F6	1
0239	甲	U+7532	1
0240	申	U+7533	1
0241	叮	U+53EE	1
0242	电	U+7535	1
0243	号	U+53F7	1
0244	田	U+7530	1
0245	由	U+7531	1
0246	只	U+53EA	1
0247	叭	U+53ED	1
0248	史	U+53F2	1
0249	央	U+592E	1
0250	兄	U+5144	1
0251	叽	U+53FD	1
0252	叼	U+53FC	1
0253	叫	U+53EB	1
0254	叩	U+53E9	1
0255	叨	U+53E8	1
0256	另	U+53E6	1
0257	叹	U+53F9	1
0258	冉	U+5189	1
0259	皿	U+76BF	1
0260	凹	U+51F9	1
0261	囚	U+56DA	1
0262	四	U+56DB	1
0263	生	U+751F	1
0264	矢	U+77E2	1
0265	失	U+5931	1
0266	乍	U+4E4D	1
0267	禾	U+79BE	1
0268	丘	U+4E18	1
0269	付	U+4ED8	1
0270	仗	U+4ED7	1
0271	代	U+4EE3	1
0272	仙	U+4ED9	1
0273	们	U+4EEC	1
0274	仪	U+4EEA	1
0275	白	U+767D	1
0276	仔	U+4ED4	1
0277	他	U+4ED6	1
0278	斥	U+65A5	1
0279	瓜	U+74DC	1
0280	乎	U+4E4E	1
0281	丛	U+4E1B	1
0282	令	U+4EE4	1
0283	用	U+7528	1
0284	甩	U+7529	1
0285	印	U+5370	1
0286	尔	U+5C14	1
0287	乐	U+4E50	1
0288	句	U+53E5	1
0289	匆	U+5306	1
0290	册	U+518C	1
0291	卯	U+536F	1
0292	犯	U+72AF	1
0293	外	U+5916	1
0294	处	U+5904	1
0295	冬	U+51AC	1
0296	鸟	U+9E1F	1
0297	务	U+52A1	1
0298	包	U+5305	1
0299	饥	U+9965	1
0300	主	U+4E3B	1
0301	市	U+5E02	1
0302	立	U+7ACB	1
0303	冯	U+51AF	1
0304	玄	U+7384	1
0305	闪	U+95EA	1
0306	兰	U+5170	1
0307	半	U+534A	1
0308	汁	U+6C41	1
0309	汇	U+6C47	1
0310	头	U+5934	1
0311	汉	U+6C49	1
0312	宁	U+5B81	1
0313	穴	U+7A74	1
0314	它	U+5B83	1
0315	讨	U+8BA8	1
0316	写	U+5199	1
0317	让	U+8BA9	1
0318	礼	U+793C	1
0319	训	U+8BAD	1
0320	议	U+8BAE	1
0321	必	U+5FC5	1
0322	讯	U+8BAF	1
0323	记	U+8BB0	1
0324	永	U+6C38	1
0325	司	U+53F8	1
0326	尼	U+5C3C	1
0327	民	U+6C11	1
0328	弗	U+5F17	1
0329	弘	U+5F18	1
0330	出	U+51FA	1
0331	辽	U+8FBD	1
0332	奶	U+5976	1
0333	奴	U+5974	1
0334	召	U+53EC	1
0335	加	U+52A0	1
0336	皮	U+76AE	1
0337	边	U+8FB9	1
0338	孕	U+5B55	1
0339	发	U+53D1	1
0340	圣	U+5723	1
0341	对	U+5BF9	1
0342	台	U+53F0	1
0343	矛	U+77DB	1
0344	纠	U+7EA0	1
0345	母	U+6BCD	1
0346	幼	U+5E7C	1
0347	丝	U+4E1D	1
0348	邦	U+90A6	1
0349	式	U+5F0F	1
0350	迂	U+8FC2	1
0351	刑	U+5211	1
0352	戎	U+620E	1
0353	动	U+52A8	1
0354	扛	U+625B	1
0355	寺	U+5BFA	1
0356	吉	U+5409	1
0357	扣	U+6263	1
0358	考	U+8003	1
0359	托	U+6258	1
0360	老	U+8001	1
0361	巩	U+5DE9	1
0362	圾	U+573E	1
0363	执	U+6267	1
0364	扩	U+6269	1
0365	扫	U+626B	1
0366	地	U+5730	1
0367	场	U+573A	1
0368	扬	U+626C	1
0369	耳	U+8033	1
0370	芋	U+828B	1
0371	共	U+5171	1
0372	芒	U+8292	1
0373	亚	U+4E9A	1
0374	芝	U+829D	1
0375	朽	U+673D	1
0376	朴	U+6734	1
0377	机	U+673A	1
0378	权	U+6743	1
0379	过	U+8FC7	1
0380	臣	U+81E3	1
0381	吏	U+540F	1
0382	再	U+518D	1
0383	协	U+534F	1
0384	西	U+897F	1
0385	压	U+538B	1
0386	厌	U+538C	1
0387	戌	U+620C	1
0388	在	U+5728	1
0389	百	U+767E	1
0390	有	U+6709	1
0391	存	U+5B58	1
0392	而	U+800C	1
0393	页	U+9875	1
0394	匠	U+5320	1
0395	夸	U+5938	1
0396	夺	U+593A	1
0397	灰	U+7070	1
0398	达	U+8FBE	1
0399	列	U+5217	1
0400	死	U+6B7B	1
0401	成	U+6210	1
0402	夹	U+5939	1
0403	夷	U+5937	1
0404	轨	U+8F68	1
0405	邪	U+90AA	1
0406	尧	U+5C27	1
0407	划	U+5212	1
0408	迈	U+8FC8	1
0409	毕	U+6BD5	1
0410	至	U+81F3	1
0411	此	U+6B64	1
0412	贞	U+8D1E	1
0413	师	U+5E08	1
0414	尘	U+5C18	1
0415	尖	U+5C16	1
0416	劣	U+52A3	1
0417	光	U+5149	1
0418	当	U+5F53	1
0419	早	U+65E9	1
0420	吁	U+5401	1
0421	吐	U+5410	1
0422	吓	U+5413	1
0423	虫	U+866B	1
0424	曲	U+66F2	1
0425	团	U+56E2	1
0426	吕	U+5415	1
0427	同	U+540C	1
0428	吊	U+540A	1
0429	吃	U+5403	1
0430	因	U+56E0	1
0431	吸	U+5438	1
0432	吗	U+5417	1
0433	吆	U+5406	1
0434	屿	U+5C7F	1
0435	屹	U+5C79	1
0436	岁	U+5C81	1
0437	帆	U+5E06	1
0438	回	U+56DE	1
0439	岂	U+5C82	1
0440	则	U+5219	1
0441	刚	U+521A	1
0442	网	U+7F51	1
0443	肉	U+8089	1
0444	年	U+5E74	1
0445	朱	U+6731	1
0446	先	U+5148	1
0447	丢	U+4E22	1
0448	廷	U+5EF7	1
0449	舌	U+820C	1
0450	竹	U+7AF9	1
0451	迁	U+8FC1	1
0452	乔	U+4E54	1
0453	迄	U+8FC4	1
0454	伟	U+4F1F	1
0455	传	U+4F20	1
0456	乒	U+4E52	1
0457	乓	U+4E53	1
0458	休	U+4F11	1
0459	伍	U+4F0D	1
0460	伏	U+4F0F	1
0461	优	U+4F18	1
0462	臼	U+81FC	1
0463	伐	U+4F10	1
0464	延	U+5EF6	1
0465	仲	U+4EF2	1
0466	件	U+4EF6	1
0467	任	U+4EFB	1
0468	伤	U+4F24	1
0469	价	U+4EF7	1
0470	伦	U+4F26	1
0471	份	U+4EFD	1
0472	华	U+534E	1
0473	仰	U+4EF0	1
0474	仿	U+4EFF	1
0475	伙	U+4F19	1
0476	伪	U+4F2A	1
0477	自	U+81EA	1
0478	伊	U+4F0A	1
0479	血	U+8840	1
0480	向	U+5411	1
0481	似	U+4F3C	1
0482	后	U+540E	1
0483	行	U+884C	1
0484	舟	U+821F	1
0485	全	U+5168	1
0486	会	U+4F1A	1
0487	杀	U+6740	1
0488	合	U+5408	1
0489	兆	U+5146	1
0490	企	U+4F01	1
0491	众	U+4F17	1
0492	爷	U+7237	1
0493	伞	U+4F1E	1
0494	创	U+521B	1
0495	肌	U+808C	1
0496	肋	U+808B	1
0497	朵	U+6735	1
0498	杂	U+6742	1
0499	危	U+5371	1
0500	旬	U+65EC	1
0501	旨	U+65E8	1
0502	旭	U+65ED	1
0503	负	U+8D1F	1
0504	匈	U+5308	1
0505	名	U+540D	1
0506	各	U+5404	1
0507	多	U+591A	1
0508	争	U+4E89	1
0509	色	U+8272	1
0510	壮	U+58EE	1
0511	冲	U+51B2	1
0512	妆	U+5986	1
0513	冰	U+51B0	1
0514	庄	U+5E84	1
0515	庆	U+5E86	1
0516	亦	U+4EA6	1
0517	刘	U+5218	1
0518	齐	U+9F50	1
0519	交	U+4EA4	1
0520	衣	U+8863	1
0521	次	U+6B21	1
0522	产	U+4EA7	1
0523	决	U+51B3	1
0524	亥	U+4EA5	1
0525	充	U+5145	1
0526	妄	U+5984	1
0527	闭	U+95ED	1
0528	问	U+95EE	1
0529	闯	U+95EF	1
0530	羊	U+7F8A	1
0531	并	U+5E76	1
0532	关	U+5173	1
0533	米	U+7C73	1
0534	灯	U+706F	1
0535	州	U+5DDE	1
0536	汗	U+6C57	1
0537	污	U+6C61	1
0538	江	U+6C5F	1
0539	汛	U+6C5B	1
0540	池	U+6C60	1
0541	汝	U+6C5D	1
0542	汤	U+6C64	1
0543	忙	U+5FD9	1
0544	兴	U+5174	1
0545	宇	U+5B87	1
0546	守	U+5B88	1
0547	宅	U+5B85	1
0548	字	U+5B57	1
0549	安	U+5B89	1
0550	讲	U+8BB2	1
0551	讳	U+8BB3	1
0552	军	U+519B	1
0553	讶	U+8BB6	1
0554	许	U+8BB8	1
0555	讹	U+8BB9	1
0556	论	U+8BBA	1
0557	讼	U+8BBC	1
0558	农	U+519C	1
0559	讽	U+8BBD	1
0560	设	U+8BBE	1
0561	访	U+8BBF	1
0562	诀	U+8BC0	1
0563	寻	U+5BFB	1
0564	那	U+90A3	1
0565	迅	U+8FC5	1
0566	尽	U+5C3D	1
0567	导	U+5BFC	1
0568	异	U+5F02	1
0569	弛	U+5F1B	1
0570	孙	U+5B59	1
0571	阵	U+9635	1
0572	阳	U+9633	1
0573	收	U+6536	1
0574	阶	U+9636	1
0575	阴	U+9634	1
0576	防	U+9632	1
0577	奸	U+5978	1
0578	如	U+5982	1
0579	妇	U+5987	1
0580	妃	U+5983	1
0581	好	U+597D	1
0582	她	U+5979	1
0583	妈	U+5988	1
0584	戏	U+620F	1
0585	羽	U+7FBD	1
0586	观	U+89C2	1
0587	欢	U+6B22	1
0588	买	U+4E70	1
0589	红	U+7EA2	1
0590	驮	U+9A6E	1
0591	纤	U+7EA4	1
0592	驯	U+9A6F	1
0593	约	U+7EA6	1
0594	级	U+7EA7	1
0595	纪	U+7EAA	1
0596	驰	U+9A70	1
0597	纫	U+7EAB	1
0598	巡	U+5DE1	1
0599	寿	U+5BFF	1
0600	弄	U+5F04	1
0601	麦	U+9EA6	1
0602	玖	U+7396	1
0603	玛	U+739B	1
0604	形	U+5F62	1
0605	进	U+8FDB	1
0606	戒	U+6212	1
0607	吞	U+541E	1
0608	远	U+8FDC	1
0609	违	U+8FDD	1
0610	韧	U+97E7	1
0611	运	U+8FD0	1
0612	扶	U+6276	1
0613	抚	U+629A	1
0614	坛	U+575B	1
0615	技	U+6280	1
0616	坏	U+574F	1
0617	抠	U+62A0	1
0618	扰	U+6270	1
0619	扼	U+627C	1
0620	拒	U+62D2	1
0621	找	U+627E	1
0622	批	U+6279	1
0623	址	U+5740	1
0624	扯	U+626F	1
0625	走	U+8D70	1
0626	抄	U+6284	1
0627	贡	U+8D21	1
0628	汞	U+6C5E	1
0629	坝	U+575D	1
0630	攻	U+653B	1
0631	赤	U+8D64	1
0632	折	U+6298	1
0633	抓	U+6293	1
0634	扳	U+6273	1
0635	抡	U+62A1	1
0636	扮	U+626E	1
0637	抢	U+62A2	1
0638	孝	U+5B5D	1
0639	坎	U+574E	1
0640	均	U+5747	1
0641	抑	U+6291	1
0642	抛	U+629B	1
0643	投	U+6295	1
0644	坟	U+575F	1
0645	坑	U+5751	1
0646	抗	U+6297	1
0647	坊	U+574A	1
0648	抖	U+6296	1
0649	护	U+62A4	1
0650	壳	U+58F3	1
0651	志	U+5FD7	1
0652	块	U+5757	1
0653	扭	U+626D	1
0654	声	U+58F0	1
0655	把	U+628A	1
0656	报	U+62A5	1
0657	拟	U+62DF	1
0658	却	U+5374	1
0659	抒	U+6292	1
0660	劫	U+52AB	1
0661	芙	U+8299	1
0662	芜	U+829C	1
0663	苇	U+82C7	1
0664	芽	U+82BD	1
0665	花	U+82B1	1
0666	芹	U+82B9	1
0667	芥	U+82A5	1
0668	芬	U+82AC	1
0669	苍	U+82CD	1
0670	芳	U+82B3	1
0671	严	U+4E25	1
0672	芦	U+82A6	1
0673	芯	U+82AF	1
0674	劳	U+52B3	1
0675	克	U+514B	1
0676	芭	U+82AD	1
0677	苏	U+82CF	1
0678	杆	U+6746	1
0679	杠	U+6760	1
0680	杜	U+675C	1
0681	材	U+6750	1
0682	村	U+6751	1
0683	杖	U+6756	1
0684	杏	U+674F	1
0685	杉	U+6749	1
0686	巫	U+5DEB	1
0687	极	U+6781	1
0688	李	U+674E	1
0689	杨	U+6768	1
0690	求	U+6C42	1
0691	甫	U+752B	1
0692	匣	U+5323	1
0693	更	U+66F4	1
0694	束	U+675F	1
0695	吾	U+543E	1
0696	豆	U+8C46	1
0697	两	U+4E24	1
0698	酉	U+9149	1
0699	丽	U+4E3D	1
0700	医	U+533B	1
0701	辰	U+8FB0	1
0702	励	U+52B1	1
0703	否	U+5426	1
0704	还	U+8FD8	1
0705	尬	U+5C2C	1
0706	歼	U+6B7C	1
0707	来	U+6765	1
0708	连	U+8FDE	1
0709	轩	U+8F69	1
0710	步	U+6B65	1
0711	卤	U+5364	1
0712	坚	U+575A	1
0713	肖	U+8096	1
0714	旱	U+65F1	1
0715	盯	U+76EF	1
0716	呈	U+5448	1
0717	时	U+65F6	1
0718	吴	U+5434	1
0719	助	U+52A9	1
0720	县	U+53BF	1
0721	里	U+91CC	1
0722	呆	U+5446	1
0723	吱	U+5431	1
0724	吠	U+5420	1
0725	呕	U+5455	1
0726	园	U+56ED	1
0727	旷	U+65F7	1
0728	围	U+56F4	1
0729	呀	U+5440	1
0730	吨	U+5428	1
0731	足	U+8DB3	1
0732	邮	U+90AE	1
0733	男	U+7537	1
0734	困	U+56F0	1
0735	吵	U+5435	1
0736	串	U+4E32	1
0737	员	U+5458	1
0738	呐	U+5450	1
0739	听	U+542C	1
0740	吟	U+541F	1
0741	吩	U+5429	1
0742	呛	U+545B	1
0743	吻	U+543B	1
0744	吹	U+5439	1
0745	呜	U+545C	1
0746	吭	U+542D	1
0747	吧	U+5427	1
0748	邑	U+9091	1
0749	吼	U+543C	1
0750	囤	U+56E4	1
0751	别	U+522B	1
0752	吮	U+542E	1
0753	岖	U+5C96	1
0754	岗	U+5C97	1
0755	帐	U+5E10	1
0756	财	U+8D22	1
0757	针	U+9488	1
0758	钉	U+9489	1
0759	牡	U+7261	1
0760	告	U+544A	1
0761	我	U+6211	1
0762	乱	U+4E71	1
0763	利	U+5229	1
0764	秃	U+79C3	1
0765	秀	U+79C0	1
0766	私	U+79C1	1
0767	每	U+6BCF	1
0768	兵	U+5175	1
0769	估	U+4F30	1
0770	体	U+4F53	1
0771	何	U+4F55	1
0772	佐	U+4F50	1
0773	佑	U+4F51	1
0774	但	U+4F46	1
0775	伸	U+4F38	1
0776	佃	U+4F43	1
0777	作	U+4F5C	1
0778	伯	U+4F2F	1
0779	伶	U+4F36	1
0780	佣	U+4F63	1
0781	低	U+4F4E	1
0782	你	U+4F60	1
0783	住	U+4F4F	1
0784	位	U+4F4D	1
0785	伴	U+4F34	1
0786	身	U+8EAB	1
0787	皂	U+7682	1
0788	伺	U+4F3A	1
0789	佛	U+4F5B	1
0790	囱	U+56F1	1
0791	近	U+8FD1	1
0792	彻	U+5F7B	1
0793	役	U+5F79	1
0794	返	U+8FD4	1
0795	余	U+4F59	1
0796	希	U+5E0C	1
0797	坐	U+5750	1
0798	谷	U+8C37	1
0799	妥	U+59A5	1
0800	含	U+542B	1
0801	邻	U+90BB	1
0802	岔	U+5C94	1
0803	肝	U+809D	1
0804	肛	U+809B	1
0805	肚	U+809A	1
0806	肘	U+8098	1
0807	肠	U+80A0	1
0808	龟	U+9F9F	1
0809	甸	U+7538	1
0810	免	U+514D	1
0811	狂	U+72C2	1
0812	犹	U+72B9	1
0813	狈	U+72C8	1
0814	角	U+89D2	1
0815	删	U+5220	1
0816	条	U+6761	1
0817	彤	U+5F64	1
0818	卵	U+5375	1
0819	灸	U+7078	1
0820	岛	U+5C9B	1
0821	刨	U+5228	1
0822	迎	U+8FCE	1
0823	饭	U+996D	1
0824	饮	U+996E	1
0825	系	U+7CFB	1
0826	言	U+8A00	1
0827	冻	U+51BB	1
0828	状	U+72B6	1
0829	亩	U+4EA9	1
0830	况	U+51B5	1
0831	床	U+5E8A	1
0832	库	U+5E93	1
0833	庇	U+5E87	1
0834	疗	U+7597	1
0835	吝	U+541D	1
0836	应	U+5E94	1
0837	这	U+8FD9	1
0838	冷	U+51B7	1
0839	庐	U+5E90	1
0840	序	U+5E8F	1
0841	辛	U+8F9B	1
0842	弃	U+5F03	1
0843	冶	U+51B6	1
0844	忘	U+5FD8	1
0845	闰	U+95F0	1
0846	闲	U+95F2	1
0847	间	U+95F4	1
0848	闷	U+95F7	1
0849	判	U+5224	1
0850	兑	U+5151	1
0851	灶	U+7076	1
0852	灿	U+707F	1
0853	灼	U+707C	1
0854	弟	U+5F1F	1
0855	汪	U+6C6A	1
0856	沐	U+6C90	1
0857	沛	U+6C9B	1
0858	汰	U+6C70	1
0859	沥	U+6CA5	1
0860	沙	U+6C99	1
0861	汽	U+6C7D	1
0862	沃	U+6C83	1
0863	沦	U+6CA6	1
0864	汹	U+6C79	1
0865	泛	U+6CDB	1
0866	沧	U+6CA7	1
0867	没	U+6CA1	1
0868	沟	U+6C9F	1
0869	沪	U+6CAA	1
0870	沈	U+6C88	1
0871	沉	U+6C89	1
0872	沁	U+6C81	1
0873	怀	U+6000	1
0874	忧	U+5FE7	1
0875	忱	U+5FF1	1
0876	快	U+5FEB	1
0877	完	U+5B8C	1
0878	宋	U+5B8B	1
0879	宏	U+5B8F	1
0880	牢	U+7262	1
0881	究	U+7A76	1
0882	穷	U+7A77	1
0883	灾	U+707E	1
0884	良	U+826F	1
0885	证	U+8BC1	1
0886	启	U+542F	1
0887	评	U+8BC4	1
0888	补	U+8865	1
0889	初	U+521D	1
0890	社	U+793E	1
0891	祀	U+7940	1
0892	识	U+8BC6	1
0893	诈	U+8BC8	1
0894	诉	U+8BC9	1
0895	罕	U+7F55	1
0896	诊	U+8BCA	1
0897	词	U+8BCD	1
0898	译	U+8BD1	1
0899	君	U+541B	1
0900	灵	U+7075	1
0901	即	U+5373	1
0902	层	U+5C42	1
0903	屁	U+5C41	1
0904	尿	U+5C3F	1
0905	尾	U+5C3E	1
0906	迟	U+8FDF	1
0907	局	U+5C40	1
0908	改	U+6539	1
0909	张	U+5F20	1
0910	忌	U+5FCC	1
0911	际	U+9645	1
0912	陆	U+9646	1
0913	阿	U+963F	1
0914	陈	U+9648	1
0915	阻	U+963B	1
0916	附	U+9644	1
0917	坠	U+5760	1
0918	妓	U+5993	1
0919	妙	U+5999	1
0920	妖	U+5996	1
0921	姊	U+59CA	1
0922	妨	U+59A8	1
0923	妒	U+5992	1
0924	努	U+52AA	1
0925	忍	U+5FCD	1
0926	劲	U+52B2	1
0927	矣	U+77E3	1
0928	鸡	U+9E21	1
0929	纬	U+7EAC	1
0930	驱	U+9A71	1
0931	纯	U+7EAF	1
0932	纱	U+7EB1	1
0933	纲	U+7EB2	1
0934	纳	U+7EB3	1
0935	驳	U+9A73	1
0936	纵	U+7EB5	1
0937	纷	U+7EB7	1
0938	纸	U+7EB8	1
0939	纹	U+7EB9	1
0940	纺	U+7EBA	1
0941	驴	U+9A74	1
0942	纽	U+7EBD	1
0943	奉	U+5949	1
0944	玩	U+73A9	1
0945	环	U+73AF	1
0946	武	U+6B66	1
0947	青	U+9752	1
0948	责	U+8D23	1
0949	现	U+73B0	1
0950	玫	U+73AB	1
0951	表	U+8868	1
0952	规	U+89C4	1
0953	抹	U+62B9	1
0954	卦	U+5366	1
0955	坷	U+5777	1
0956	坯	U+576F	1
0957	拓	U+62D3	1
0958	拢	U+62E2	1
0959	拔	U+62D4	1
0960	坪	U+576A	1
0961	拣	U+62E3	1
0962	坦	U+5766	1
0963	担	U+62C5	1
0964	坤	U+5764	1
0965	押	U+62BC	1
0966	抽	U+62BD	1
0967	拐	U+62D0	1
0968	拖	U+62D6	1
0969	者	U+8005	1
0970	拍	U+62CD	1
0971	顶	U+9876	1
0972	拆	U+62C6	1
0973	拎	U+62CE	1
0974	拥	U+62E5	1
0975	抵	U+62B5	1
0976	拘	U+62D8	1
0977	势	U+52BF	1
0978	抱	U+62B1	1
0979	拄	U+62C4	1
0980	垃	U+5783	1
0981	拉	U+62C9	1
0982	拦	U+62E6	1
0983	幸	U+5E78	1
0984	拌	U+62CC	1
0985	拧	U+62E7	1
0986	拂	U+62C2	1
0987	拙	U+62D9	1
0988	招	U+62DB	1
0989	坡	U+5761	1
0990	披	U+62AB	1
0991	拨	U+62E8	1
0992	择	U+62E9	1
0993	抬	U+62AC	1
0994	拇	U+62C7	1
0995	拗	U+62D7	1
0996	其	U+5176	1
0997	取	U+53D6	1
0998	茉	U+8309	1
0999	苦	U+82E6	1
1000	昔	U+6614	1
1001	苛	U+82DB	1
1002	若	U+82E5	1
1003	茂	U+8302	1
1004	苹	U+82F9	1
1005	苗	U+82D7	1
1006	英	U+82F1	1
1007	苟	U+82DF	1
1008	苑	U+82D1	1
1009	苞	U+82DE	1
1010	范	U+8303	1
1011	直	U+76F4	1
1012	茁	U+8301	1
1013	茄	U+8304	1
1014	茎	U+830E	1
1015	苔	U+82D4	1
1016	茅	U+8305	1
1017	枉	U+6789	1
1018	林	U+6797	1
1019	枝	U+679D	1
1020	杯	U+676F	1
1021	枢	U+67A2	1
1022	柜	U+67DC	1
1023	枚	U+679A	1
1024	析	U+6790	1
1025	板	U+677F	1
1026	松	U+677E	1
1027	枪	U+67AA	1
1028	枫	U+67AB	1
1029	构	U+6784	1
1030	杭	U+676D	1
1031	杰	U+6770	1
1032	述	U+8FF0	1
1033	枕	U+6795	1
1034	丧	U+4E27	1
1035	或	U+6216	1
1036	画	U+753B	1
1037	卧	U+5367	1
1038	事	U+4E8B	1
1039	刺	U+523A	1
1040	枣	U+67A3	1
1041	雨	U+96E8	1
1042	卖	U+5356	1
1043	郁	U+90C1	1
1044	矾	U+77FE	1
1045	矿	U+77FF	1
1046	码	U+7801	1
1047	厕	U+5395	1
1048	奈	U+5948	1
1049	奔	U+5954	1
1050	奇	U+5947	1
1051	奋	U+594B	1
1052	态	U+6001	1
1053	欧	U+6B27	1
1054	殴	U+6BB4	1
1055	垄	U+5784	1
1056	妻	U+59BB	1
1057	轰	U+8F70	1
1058	顷	U+9877	1
1059	转	U+8F6C	1
1060	斩	U+65A9	1
1061	轮	U+8F6E	1
1062	软	U+8F6F	1
1063	到	U+5230	1
1064	非	U+975E	1
1065	叔	U+53D4	1
1066	歧	U+6B67	1
1067	肯	U+80AF	1
1068	齿	U+9F7F	1
1069	些	U+4E9B	1
1070	卓	U+5353	1
1071	虎	U+864E	1
1072	虏	U+864F	1
1073	肾	U+80BE	1
1074	贤	U+8D24	1
1075	尚	U+5C1A	1
1076	旺	U+65FA	1
1077	具	U+5177	1
1078	味	U+5473	1
1079	果	U+679C	1
1080	昆	U+6606	1
1081	国	U+56FD	1
1082	哎	U+54CE	1
1083	咕	U+5495	1
1084	昌	U+660C	1
1085	呵	U+5475	1
1086	畅	U+7545	1
1087	明	U+660E	1
1088	易	U+6613	1
1089	咙	U+5499	1
1090	昂	U+6602	1
1091	迪	U+8FEA	1
1092	典	U+5178	1
1093	固	U+56FA	1
1094	忠	U+5FE0	1
1095	呻	U+547B	1
1096	咒	U+5492	1
1097	咋	U+548B	1
1098	咐	U+5490	1
1099	呼	U+547C	1
1100	鸣	U+9E23	1
1101	咏	U+548F	1
1102	呢	U+5462	1
1103	咄	U+5484	1
1104	咖	U+5496	1
1105	岸	U+5CB8	1
1106	岩	U+5CA9	1
1107	帖	U+5E16	1
1108	罗	U+7F57	1
1109	帜	U+5E1C	1
1110	帕	U+5E15	1
1111	岭	U+5CAD	1
1112	凯	U+51EF	1
1113	败	U+8D25	1
1114	账	U+8D26	1
1115	贩	U+8D29	1
1116	贬	U+8D2C	1
1117	购	U+8D2D	1
1118	贮	U+8D2E	1
1119	图	U+56FE	1
1120	钓	U+9493	1
1121	制	U+5236	1
1122	知	U+77E5	1
1123	迭	U+8FED	1
1124	氛	U+6C1B	1
1125	垂	U+5782	1
1126	牧	U+7267	1
1127	物	U+7269	1
1128	乖	U+4E56	1
1129	刮	U+522E	1
1130	秆	U+79C6	1
1131	和	U+548C	1
1132	季	U+5B63	1
1133	委	U+59D4	1
1134	秉	U+79C9	1
1135	佳	U+4F73	1
1136	侍	U+4F8D	1
1137	岳	U+5CB3	1
1138	供	U+4F9B	1
1139	使	U+4F7F	1
1140	例	U+4F8B	1
1141	侠	U+4FA0	1
1142	侥	U+4FA5	1
1143	版	U+7248	1
1144	侄	U+4F84	1
1145	侦	U+4FA6	1
1146	侣	U+4FA3	1
1147	侧	U+4FA7	1
1148	凭	U+51ED	1
1149	侨	U+4FA8	1
1150	佩	U+4F69	1
1151	货	U+8D27	1
1152	侈	U+4F88	1
1153	依	U+4F9D	1
1154	卑	U+5351	1
1155	的	U+7684	1
1156	迫	U+8FEB	1
1157	质	U+8D28	1
1158	欣	U+6B23	1
1159	征	U+5F81	1
1160	往	U+5F80	1
1161	爬	U+722C	1
1162	彼	U+5F7C	1
1163	径	U+5F84	1
1164	所	U+6240	1
1165	舍	U+820D	1
1166	金	U+91D1	1
1167	刹	U+5239	1
1168	命	U+547D	1
1169	肴	U+80B4	1
1170	斧	U+65A7	1
1171	爸	U+7238	1
1172	采	U+91C7	1
1173	觅	U+89C5	1
1174	受	U+53D7	1
1175	乳	U+4E73	1
1176	贪	U+8D2A	1
1177	念	U+5FF5	1
1178	贫	U+8D2B	1
1179	忿	U+5FFF	1
1180	肤	U+80A4	1
1181	肺	U+80BA	1
1182	肢	U+80A2	1
1183	肿	U+80BF	1
1184	胀	U+80C0	1
1185	朋	U+670B	1
1186	股	U+80A1	1
1187	肮	U+80AE	1
1188	肪	U+80AA	1
1189	肥	U+80A5	1
1190	服	U+670D	1
1191	胁	U+80C1	1
1192	周	U+5468	1
1193	昏	U+660F	1
1194	鱼	U+9C7C	1
1195	兔	U+5154	1
1196	狐	U+72D0	1
1197	忽	U+5FFD	1
1198	狗	U+72D7	1
1199	狞	U+72DE	1
1200	备	U+5907	1
1201	饰	U+9970	1
1202	饱	U+9971	1
1203	饲	U+9972	1
1204	变	U+53D8	1
1205	京	U+4EAC	1
1206	享	U+4EAB	1
1207	庞	U+5E9E	1
1208	店	U+5E97	1
1209	夜	U+591C	1
1210	庙	U+5E99	1
1211	府	U+5E9C	1
1212	底	U+5E95	1
1213	疟	U+759F	1
1214	疙	U+7599	1
1215	疚	U+759A	1
1216	剂	U+5242	1
1217	卒	U+5352	1
1218	郊	U+90CA	1
1219	庚	U+5E9A	1
1220	废	U+5E9F	1
1221	净	U+51C0	1
1222	盲	U+76F2	1
1223	放	U+653E	1
1224	刻	U+523B	1
1225	育	U+80B2	1
1226	氓	U+6C13	1
1227	闸	U+95F8	1
1228	闹	U+95F9	1
1229	郑	U+90D1	1
1230	券	U+5238	1
1231	卷	U+5377	1
1232	单	U+5355	1
1233	炬	U+70AC	1
1234	炒	U+7092	1
1235	炊	U+708A	1
1236	炕	U+7095	1
1237	炎	U+708E	1
1238	炉	U+7089	1
1239	沫	U+6CAB	1
1240	浅	U+6D45	1
1241	法	U+6CD5	1
1242	泄	U+6CC4	1
1243	沽	U+6CBD	1
1244	河	U+6CB3	1
1245	沾	U+6CBE	1
1246	泪	U+6CEA	1
1247	沮	U+6CAE	1
1248	油	U+6CB9	1
1249	泊	U+6CCA	1
1250	沿	U+6CBF	1
1251	泡	U+6CE1	1
1252	注	U+6CE8	1
1253	泣	U+6CE3	1
1254	泞	U+6CDE	1
1255	泻	U+6CFB	1
1256	泌	U+6CCC	1
1257	泳	U+6CF3	1
1258	泥	U+6CE5	1
1259	沸	U+6CB8	1
1260	沼	U+6CBC	1
1261	波	U+6CE2	1
1262	泼	U+6CFC	1
1263	泽	U+6CFD	1
1264	治	U+6CBB	1
1265	怔	U+6014	1
1266	怯	U+602F	1
1267	怖	U+6016	1
1268	性	U+6027	1
1269	怕	U+6015	1
1270	怜	U+601C	1
1271	怪	U+602A	1
1272	怡	U+6021	1
1273	学	U+5B66	1
1274	宝	U+5B9D	1
1275	宗	U+5B97	1
1276	定	U+5B9A	1
1277	宠	U+5BA0	1
1278	宜	U+5B9C	1
1279	审	U+5BA1	1
1280	宙	U+5B99	1
1281	官	U+5B98	1
1282	空	U+7A7A	1
1283	帘	U+5E18	1
1284	宛	U+5B9B	1
1285	实	U+5B9E	1
1286	试	U+8BD5	1
1287	郎	U+90CE	1
1288	诗	U+8BD7	1
1289	肩	U+80A9	1
1290	房	U+623F	1
1291	诚	U+8BDA	1
1292	衬	U+886C	1
1293	衫	U+886B	1
1294	视	U+89C6	1
1295	祈	U+7948	1
1296	话	U+8BDD	1
1297	诞	U+8BDE	1
1298	诡	U+8BE1	1
1299	询	U+8BE2	1
1300	该	U+8BE5	1
1301	详	U+8BE6	1
1302	建	U+5EFA	1
1303	肃	U+8083	1
1304	录	U+5F55	1
1305	隶	U+96B6	1
1306	帚	U+5E1A	1
1307	屉	U+5C49	1
1308	居	U+5C45	1
1309	届	U+5C4A	1
1310	刷	U+5237	1
1311	屈	U+5C48	1
1312	弧	U+5F27	1
1313	弥	U+5F25	1
1314	弦	U+5F26	1
1315	承	U+627F	1
1316	孟	U+5B5F	1
1317	陋	U+964B	1
1318	陌	U+964C	1
1319	孤	U+5B64	1
1320	陕	U+9655	1
1321	降	U+964D	1
1322	函	U+51FD	1
1323	限	U+9650	1
1324	妹	U+59B9	1
1325	姑	U+59D1	1
1326	姐	U+59D0	1
1327	姓	U+59D3	1
1328	妮	U+59AE	1
1329	始	U+59CB	1
1330	姆	U+59C6	1
1331	迢	U+8FE2	1
1332	驾	U+9A7E	1
1333	叁	U+53C1	1
1334	参	U+53C2	1
1335	艰	U+8270	1
1336	线	U+7EBF	1
1337	练	U+7EC3	1
1338	组	U+7EC4	1
1339	绅	U+7EC5	1
1340	细	U+7EC6	1
1341	驶	U+9A76	1
1342	织	U+7EC7	1
1343	驹	U+9A79	1
1344	终	U+7EC8	1
1345	驻	U+9A7B	1
1346	绊	U+7ECA	1
1347	驼	U+9A7C	1
1348	绍	U+7ECD	1
1349	绎	U+7ECE	1
1350	经	U+7ECF	1
1351	贯	U+8D2F	1
1352	契	U+5951	1
1353	贰	U+8D30	1
1354	奏	U+594F	1
1355	春	U+6625	1
1356	帮	U+5E2E	1
1357	玷	U+73B7	1
1358	珍	U+73CD	1
1359	玲	U+73B2	1
1360	珊	U+73CA	1
1361	玻	U+73BB	1
1362	毒	U+6BD2	1
1363	型	U+578B	1
1364	拭	U+62ED	1
1365	挂	U+6302	1
1366	封	U+5C01	1
1367	持	U+6301	1
1368	拷	U+62F7	1
1369	拱	U+62F1	1
1370	项	U+9879	1
1371	垮	U+57AE	1
1372	挎	U+630E	1
1373	城	U+57CE	1
1374	挟	U+631F	1
1375	挠	U+6320	1
1376	政	U+653F	1
1377	赴	U+8D74	1
1378	赵	U+8D75	1
1379	挡	U+6321	1
1380	拽	U+62FD	1
1381	哉	U+54C9	1
1382	挺	U+633A	1
1383	括	U+62EC	1
1384	垢	U+57A2	1
1385	拴	U+62F4	1
1386	拾	U+62FE	1
1387	挑	U+6311	1
1388	垛	U+579B	1
1389	指	U+6307	1
1390	垫	U+57AB	1
1391	挣	U+6323	1
1392	挤	U+6324	1
1393	拼	U+62FC	1
1394	挖	U+6316	1
1395	按	U+6309	1
1396	挥	U+6325	1
1397	挪	U+632A	1
1398	拯	U+62EF	1
1399	某	U+67D0	1
1400	甚	U+751A	1
1401	荆	U+8346	1
1402	茸	U+8338	1
1403	革	U+9769	1
1404	茬	U+832C	1
1405	荐	U+8350	1
1406	巷	U+5DF7	1
1407	带	U+5E26	1
1408	草	U+8349	1
1409	茧	U+8327	1
1410	茵	U+8335	1
1411	茶	U+8336	1
1412	荒	U+8352	1
1413	茫	U+832B	1
1414	荡	U+8361	1
1415	荣	U+8363	1
1416	荤	U+8364	1
1417	荧	U+8367	1
1418	故	U+6545	1
1419	胡	U+80E1	1
1420	荫	U+836B	1
1421	荔	U+8354	1
1422	南	U+5357	1
1423	药	U+836F	1
1424	标	U+6807	1
1425	栈	U+6808	1
1426	柑	U+67D1	1
1427	枯	U+67AF	1
1428	柄	U+67C4	1
1429	栋	U+680B	1
1430	相	U+76F8	1
1431	查	U+67E5	1
1432	柏	U+67CF	1
1433	栅	U+6805	1
1434	柳	U+67F3	1
1435	柱	U+67F1	1
1436	柿	U+67FF	1
1437	栏	U+680F	1
1438	柠	U+67E0	1
1439	树	U+6811	1
1440	勃	U+52C3	1
1441	要	U+8981	1
1442	柬	U+67EC	1
1443	咸	U+54B8	1
1444	威	U+5A01	1
1445	歪	U+6B6A	1
1446	研	U+7814	1
1447	砖	U+7816	1
1448	厘	U+5398	1
1449	厚	U+539A	1
1450	砌	U+780C	1
1451	砂	U+7802	1
1452	泵	U+6CF5	1
1453	砚	U+781A	1
1454	砍	U+780D	1
1455	面	U+9762	1
1456	耐	U+8010	1
1457	耍	U+800D	1
1458	牵	U+7275	1
1459	鸥	U+9E25	1
1460	残	U+6B8B	1
1461	殃	U+6B83	1
1462	轴	U+8F74	1
1463	轻	U+8F7B	1
1464	鸦	U+9E26	1
1465	皆	U+7686	1
1466	韭	U+97ED	1
1467	背	U+80CC	1
1468	战	U+6218	1
1469	点	U+70B9	1
1470	虐	U+8650	1
1471	临	U+4E34	1
1472	览	U+89C8	1
1473	竖	U+7AD6	1
1474	省	U+7701	1
1475	削	U+524A	1
1476	尝	U+5C1D	1
1477	昧	U+6627	1
1478	盹	U+76F9	1
1479	是	U+662F	1
1480	盼	U+76FC	1
1481	眨	U+7728	1
1482	哇	U+54C7	1
1483	哄	U+54C4	1
1484	哑	U+54D1	1
1485	显	U+663E	1
1486	冒	U+5192	1
1487	映	U+6620	1
1488	星	U+661F	1
1489	昨	U+6628	1
1490	咧	U+54A7	1
1491	昭	U+662D	1
1492	畏	U+754F	1
1493	趴	U+8DB4	1
1494	胃	U+80C3	1
1495	贵	U+8D35	1
1496	界	U+754C	1
1497	虹	U+8679	1
1498	虾	U+867E	1
1499	蚁	U+8681	1
1500	思	U+601D	1
1501	蚂	U+8682	1
1502	虽	U+867D	1
1503	品	U+54C1	1
1504	咽	U+54BD	1
1505	骂	U+9A82	1
1506	勋	U+52CB	1
1507	哗	U+54D7	1
1508	咱	U+54B1	1
1509	响	U+54CD	1
1510	哈	U+54C8	1
1511	哆	U+54C6	1
1512	咬	U+54AC	1
1513	咳	U+54B3	1
1514	咪	U+54AA	1
1515	哪	U+54EA	1
1516	哟	U+54DF	1
1517	炭	U+70AD	1
1518	峡	U+5CE1	1
1519	罚	U+7F5A	1
1520	贱	U+8D31	1
1521	贴	U+8D34	1
1522	贻	U+8D3B	1
1523	骨	U+9AA8	1
1524	幽	U+5E7D	1
1525	钙	U+9499	1
1526	钝	U+949D	1
1527	钞	U+949E	1
1528	钟	U+949F	1
1529	钢	U+94A2	1
1530	钠	U+94A0	1
1531	钥	U+94A5	1
1532	钦	U+94A6	1
1533	钧	U+94A7	1
1534	钩	U+94A9	1
1535	钮	U+94AE	1
1536	卸	U+5378	1
1537	缸	U+7F38	1
1538	拜	U+62DC	1
1539	看	U+770B	1
1540	矩	U+77E9	1
1541	毡	U+6BE1	1
1542	氢	U+6C22	1
1543	怎	U+600E	1
1544	牲	U+7272	1
1545	选	U+9009	1
1546	适	U+9002	1
1547	秒	U+79D2	1
1548	香	U+9999	1
1549	种	U+79CD	1
1550	秋	U+79CB	1
1551	科	U+79D1	1
1552	重	U+91CD	1
1553	复	U+590D	1
1554	竿	U+7AFF	1
1555	段	U+6BB5	1
1556	便	U+4FBF	1
1557	俩	U+4FE9	1
1558	贷	U+8D37	1
1559	顺	U+987A	1
1560	修	U+4FEE	1
1561	俏	U+4FCF	1
1562	保	U+4FDD	1
1563	促	U+4FC3	1
1564	俄	U+4FC4	1
1565	俐	U+4FD0	1
1566	侮	U+4FAE	1
1567	俭	U+4FED	1
1568	俗	U+4FD7	1
1569	俘	U+4FD8	1
1570	信	U+4FE1	1
1571	皇	U+7687	1
1572	泉	U+6CC9	1
1573	鬼	U+9B3C	1
1574	侵	U+4FB5	1
1575	禹	U+79B9	1
1576	侯	U+4FAF	1
1577	追	U+8FFD	1
1578	俊	U+4FCA	1
1579	盾	U+76FE	1
1580	待	U+5F85	1
1581	徊	U+5F8A	1
1582	衍	U+884D	1
1583	律	U+5F8B	1
1584	很	U+5F88	1
1585	须	U+987B	1
1586	叙	U+53D9	1
1587	剑	U+5251	1
1588	逃	U+9003	1
1589	食	U+98DF	1
1590	盆	U+76C6	1
1591	胚	U+80DA	1
1592	胧	U+80E7	1
1593	胆	U+80C6	1
1594	胜	U+80DC	1
1595	胞	U+80DE	1
1596	胖	U+80D6	1
1597	脉	U+8109	1
1598	胎	U+80CE	1
1599	勉	U+52C9	1
1600	狭	U+72ED	1
1601	狮	U+72EE	1
1602	独	U+72EC	1
1603	狰	U+72F0	1
1604	狡	U+72E1	1
1605	狱	U+72F1	1
1606	狠	U+72E0	1
1607	贸	U+8D38	1
1608	怨	U+6028	1
1609	急	U+6025	1
1610	饵	U+9975	1
1611	饶	U+9976	1
1612	蚀	U+8680	1
1613	饺	U+997A	1
1614	饼	U+997C	1
1615	峦	U+5CE6	1
1616	弯	U+5F2F	1
1617	将	U+5C06	1
1618	奖	U+5956	1
1619	哀	U+54C0	1
1620	亭	U+4EAD	1
1621	亮	U+4EAE	1
1622	度	U+5EA6	1
1623	迹	U+8FF9	1
1624	庭	U+5EAD	1
1625	疮	U+75AE	1
1626	疯	U+75AF	1
1627	疫	U+75AB	1
1628	疤	U+75A4	1
1629	咨	U+54A8	1
1630	姿	U+59FF	1
1631	亲	U+4EB2	1
1632	音	U+97F3	1
1633	帝	U+5E1D	1
1634	施	U+65BD	1
1635	闺	U+95FA	1
1636	闻	U+95FB	1
1637	闽	U+95FD	1
1638	阀	U+9600	1
1639	阁	U+9601	1
1640	差	U+5DEE	1
1641	养	U+517B	1
1642	美	U+7F8E	1
1643	姜	U+59DC	1
1644	叛	U+53DB	1
1645	送	U+9001	1
1646	类	U+7C7B	1
1647	迷	U+8FF7	1
1648	籽	U+7C7D	1
1649	娄	U+5A04	1
1650	前	U+524D	1
1651	首	U+9996	1
1652	逆	U+9006	1
1653	兹	U+5179	1
1654	总	U+603B	1
1655	炼	U+70BC	1
1656	炸	U+70B8	1
1657	烁	U+70C1	1
1658	炮	U+70AE	1
1659	炫	U+70AB	1
1660	烂	U+70C2	1
1661	剃	U+5243	1
1662	洼	U+6D3C	1
1663	洁	U+6D01	1
1664	洪	U+6D2A	1
1665	洒	U+6D12	1
1666	柒	U+67D2	1
1667	浇	U+6D47	1
1668	浊	U+6D4A	1
1669	洞	U+6D1E	1
1670	测	U+6D4B	1
1671	洗	U+6D17	1
1672	活	U+6D3B	1
1673	派	U+6D3E	1
1674	洽	U+6D3D	1
1675	染	U+67D3	1
1676	洛	U+6D1B	1
1677	浏	U+6D4F	1
1678	济	U+6D4E	1
1679	洋	U+6D0B	1
1680	洲	U+6D32	1
1681	浑	U+6D51	1
1682	浓	U+6D53	1
1683	津	U+6D25	1
1684	恃	U+6043	1
1685	恒	U+6052	1
1686	恢	U+6062	1
1687	恍	U+604D	1
1688	恬	U+606C	1
1689	恤	U+6064	1
1690	恰	U+6070	1
1691	恼	U+607C	1
1692	恨	U+6068	1
1693	举	U+4E3E	1
1694	觉	U+89C9	1
1695	宣	U+5BA3	1
1696	宦	U+5BA6	1
1697	室	U+5BA4	1
1698	宫	U+5BAB	1
1699	宪	U+5BAA	1
1700	突	U+7A81	1
1701	穿	U+7A7F	1
1702	窃	U+7A83	1
1703	客	U+5BA2	1
1704	诫	U+8BEB	1
1705	冠	U+51A0	1
1706	诬	U+8BEC	1
1707	语	U+8BED	1
1708	扁	U+6241	1
1709	袄	U+8884	1
1710	祖	U+7956	1
1711	神	U+795E	1
1712	祝	U+795D	1
1713	祠	U+7960	1
1714	误	U+8BEF	1
1715	诱	U+8BF1	1
1716	诲	U+8BF2	1
1717	说	U+8BF4	1
1718	诵	U+8BF5	1
1719	垦	U+57A6	1
1720	退	U+9000	1
1721	既	U+65E2	1
1722	屋	U+5C4B	1
1723	昼	U+663C	1
1724	屏	U+5C4F	1
1725	屎	U+5C4E	1
1726	费	U+8D39	1
1727	陡	U+9661	1
1728	逊	U+900A	1
1729	眉	U+7709	1
1730	孩	U+5B69	1
1731	陨	U+9668	1
1732	除	U+9664	1
1733	险	U+9669	1
1734	院	U+9662	1
1735	娃	U+5A03	1
1736	姥	U+59E5	1
1737	姨	U+59E8	1
1738	姻	U+59FB	1
1739	娇	U+5A07	1
1740	姚	U+59DA	1
1741	娜	U+5A1C	1
1742	怒	U+6012	1
1743	架	U+67B6	1
1744	贺	U+8D3A	1
1745	盈	U+76C8	1
1746	勇	U+52C7	1
1747	怠	U+6020	1
1748	癸	U+7678	1
1749	蚤	U+86A4	1
1750	柔	U+67D4	1
1751	垒	U+5792	1
1752	绑	U+7ED1	1
1753	绒	U+7ED2	1
1754	结	U+7ED3	1
1755	绕	U+7ED5	1
1756	骄	U+9A84	1
1757	绘	U+7ED8	1
1758	给	U+7ED9	1
1759	绚	U+7EDA	1
1760	骆	U+9A86	1
1761	络	U+7EDC	1
1762	绝	U+7EDD	1
1763	绞	U+7EDE	1
1764	骇	U+9A87	1
1765	统	U+7EDF	1
1766	耕	U+8015	1
1767	耘	U+8018	1
1768	耗	U+8017	1
1769	耙	U+8019	1
1770	艳	U+8273	1
1771	泰	U+6CF0	1
1772	秦	U+79E6	1
1773	珠	U+73E0	1
1774	班	U+73ED	1
1775	素	U+7D20	1
1776	匿	U+533F	1
1777	蚕	U+8695	1
1778	顽	U+987D	1
1779	盏	U+76CF	1
1780	匪	U+532A	1
1781	捞	U+635E	1
1782	栽	U+683D	1
1783	捕	U+6355	1
1784	埂	U+57C2	1
1785	捂	U+6342	1
1786	振	U+632F	1
1787	载	U+8F7D	1
1788	赶	U+8D76	1
1789	起	U+8D77	1
1790	盐	U+76D0	1
1791	捎	U+634E	1
1792	捍	U+634D	1
1793	捏	U+634F	1
1794	埋	U+57CB	1
1795	捉	U+6349	1
1796	捆	U+6346	1
1797	捐	U+6350	1
1798	损	U+635F	1
1799	袁	U+8881	1
1800	捌	U+634C	1
1801	都	U+90FD	1
1802	哲	U+54F2	1
1803	逝	U+901D	1
1804	捡	U+6361	1
1805	挫	U+632B	1
1806	换	U+6362	1
1807	挽	U+633D	1
1808	挚	U+631A	1
1809	热	U+70ED	1
1810	恐	U+6050	1
1811	捣	U+6363	1
1812	壶	U+58F6	1
1813	捅	U+6345	1
1814	埃	U+57C3	1
1815	挨	U+6328	1
1816	耻	U+803B	1
1817	耿	U+803F	1
1818	耽	U+803D	1
1819	聂	U+8042	1
1820	恭	U+606D	1
1821	莽	U+83BD	1
1822	莱	U+83B1	1
1823	莲	U+83B2	1
1824	莫	U+83AB	1
1825	莉	U+8389	1
1826	荷	U+8377	1
1827	获	U+83B7	1
1828	晋	U+664B	1
1829	恶	U+6076	1
1830	莹	U+83B9	1
1831	莺	U+83BA	1
1832	真	U+771F	1
1833	框	U+6846	1
1834	梆	U+6886	1
1835	桂	U+6842	1
1836	桔	U+6854	1
1837	栖	U+6816	1
1838	档	U+6863	1
1839	桐	U+6850	1
1840	株	U+682A	1
1841	桥	U+6865	1
1842	桦	U+6866	1
1843	栓	U+6813	1
1844	桃	U+6843	1
1845	格	U+683C	1
1846	桩	U+6869	1
1847	校	U+6821	1
1848	核	U+6838	1
1849	样	U+6837	1
1850	根	U+6839	1
1851	索	U+7D22	1
1852	哥	U+54E5	1
1853	速	U+901F	1
1854	逗	U+9017	1
1855	栗	U+6817	1
1856	贾	U+8D3E	1
1857	酌	U+914C	1
1858	配	U+914D	1
1859	翅	U+7FC5	1
1860	辱	U+8FB1	1
1861	唇	U+5507	1
1862	夏	U+590F	1
1863	砸	U+7838	1
1864	砰	U+7830	1
1865	砾	U+783E	1
1866	础	U+7840	1
1867	破	U+7834	1
1868	原	U+539F	1
1869	套	U+5957	1
1870	逐	U+9010	1
1871	烈	U+70C8	1
1872	殊	U+6B8A	1
1873	殉	U+6B89	1
1874	顾	U+987E	1
1875	轿	U+8F7F	1
1876	较	U+8F83	1
1877	顿	U+987F	1
1878	毙	U+6BD9	1
1879	致	U+81F4	1
1880	柴	U+67F4	1
1881	桌	U+684C	1
1882	虑	U+8651	1
1883	监	U+76D1	1
1884	紧	U+7D27	1
1885	党	U+515A	1
1886	逞	U+901E	1
1887	晒	U+6652	1
1888	眠	U+7720	1
1889	晓	U+6653	1
1890	哮	U+54EE	1
1891	唠	U+5520	1
1892	鸭	U+9E2D	1
1893	晃	U+6643	1
1894	哺	U+54FA	1
1895	晌	U+664C	1
1896	剔	U+5254	1
1897	晕	U+6655	1
1898	蚌	U+868C	1
1899	畔	U+7554	1
1900	蚣	U+86A3	1
1901	蚊	U+868A	1
1902	蚪	U+86AA	1
1903	蚓	U+8693	1
1904	哨	U+54E8	1
1905	哩	U+54E9	1
1906	圃	U+5703	1
1907	哭	U+54ED	1
1908	哦	U+54E6	1
1909	恩	U+6069	1
1910	鸯	U+9E2F	1
1911	唤	U+5524	1
1912	唁	U+5501	1
1913	哼	U+54FC	1
1914	唧	U+5527	1
1915	啊	U+554A	1
1916	唉	U+5509	1
1917	唆	U+5506	1
1918	罢	U+7F62	1
1919	峭	U+5CED	1
1920	峨	U+5CE8	1
1921	峰	U+5CF0	1
1922	圆	U+5706	1
1923	峻	U+5CFB	1
1924	贼	U+8D3C	1
1925	贿	U+8D3F	1
1926	赂	U+8D42	1
1927	赃	U+8D43	1
1928	钱	U+94B1	1
1929	钳	U+94B3	1
1930	钻	U+94BB	1
1931	钾	U+94BE	1
1932	铁	U+94C1	1
1933	铃	U+94C3	1
1934	铅	U+94C5	1
1935	缺	U+7F3A	1
1936	氧	U+6C27	1
1937	氨	U+6C28	1
1938	特	U+7279	1
1939	牺	U+727A	1
1940	造	U+9020	1
1941	乘	U+4E58	1
1942	敌	U+654C	1
1943	秤	U+79E4	1
1944	租	U+79DF	1
1945	积	U+79EF	1
1946	秧	U+79E7	1
1947	秩	U+79E9	1
1948	称	U+79F0	1
1949	秘	U+79D8	1
1950	透	U+900F	1
1951	笔	U+7B14	1
1952	笑	U+7B11	1
1953	笋	U+7B0B	1
1954	债	U+503A	1
1955	借	U+501F	1
1956	值	U+503C	1
1957	倚	U+501A	1
1958	俺	U+4FFA	1
1959	倾	U+503E	1
1960	倒	U+5012	1
1961	倘	U+5018	1
1962	俱	U+4FF1	1
1963	倡	U+5021	1
1964	候	U+5019	1
1965	赁	U+8D41	1
1966	俯	U+4FEF	1
1967	倍	U+500D	1
1968	倦	U+5026	1
1969	健	U+5065	1
1970	臭	U+81ED	1
1971	射	U+5C04	1
1972	躬	U+8EAC	1
1973	息	U+606F	1
1974	倔	U+5014	1
1975	徒	U+5F92	1
1976	徐	U+5F90	1
1977	殷	U+6BB7	1
1978	舰	U+8230	1
1979	舱	U+8231	1
1980	般	U+822C	1
1981	航	U+822A	1
1982	途	U+9014	1
1983	拿	U+62FF	1
1984	耸	U+8038	1
1985	爹	U+7239	1
1986	舀	U+8200	1
1987	爱	U+7231	1
1988	豺	U+8C7A	1
1989	豹	U+8C79	1
1990	颁	U+9881	1
1991	颂	U+9882	1
1992	翁	U+7FC1	1
1993	胰	U+80F0	1
1994	脆	U+8106	1
1995	脂	U+8102	1
1996	胸	U+80F8	1
1997	胳	U+80F3	1
1998	脏	U+810F	1
1999	脐	U+8110	1
2000	胶	U+80F6	1
2001	脑	U+8111	1
2002	脓	U+8113	1
2003	逛	U+901B	1
2004	狸	U+72F8	1
2005	狼	U+72FC	1
2006	卿	U+537F	1
2007	逢	U+9022	1
2008	鸵	U+9E35	1
2009	留	U+7559	1
2010	鸳	U+9E33	1
2011	皱	U+76B1	1
2012	饿	U+997F	1
2013	馁	U+9981	1
2014	凌	U+51CC	1
2015	凄	U+51C4	1
2016	恋	U+604B	1
2017	桨	U+6868	1
2018	浆	U+6D46	1
2019	衰	U+8870	1
2020	衷	U+8877	1
2021	高	U+9AD8	1
2022	郭	U+90ED	1
2023	席	U+5E2D	1
2024	准	U+51C6	1
2025	座	U+5EA7	1
2026	症	U+75C7	1
2027	病	U+75C5	1
2028	疾	U+75BE	1
2029	斋	U+658B	1
2030	疹	U+75B9	1
2031	疼	U+75BC	1
2032	疲	U+75B2	1
2033	脊	U+810A	1
2034	效	U+6548	1
2035	离	U+79BB	1
2036	紊	U+7D0A	1
2037	唐	U+5510	1
2038	瓷	U+74F7	1
2039	资	U+8D44	1
2040	凉	U+51C9	1
2041	站	U+7AD9	1
2042	剖	U+5256	1
2043	竞	U+7ADE	1
2044	部	U+90E8	1
2045	旁	U+65C1	1
2046	旅	U+65C5	1
2047	畜	U+755C	1
2048	阅	U+9605	1
2049	羞	U+7F9E	1
2050	羔	U+7F94	1
2051	瓶	U+74F6	1
2052	拳	U+62F3	1
2053	粉	U+7C89	1
2054	料	U+6599	1
2055	益	U+76CA	1
2056	兼	U+517C	1
2057	烤	U+70E4	1
2058	烘	U+70D8	1
2059	烦	U+70E6	1
2060	烧	U+70E7	1
2061	烛	U+70DB	1
2062	烟	U+70DF	1
2063	烙	U+70D9	1
2064	递	U+9012	1
2065	涛	U+6D9B	1
2066	浙	U+6D59	1
2067	涝	U+6D9D	1
2068	浦	U+6D66	1
2069	酒	U+9152	1
2070	涉	U+6D89	1
2071	消	U+6D88	1
2072	涡	U+6DA1	1
2073	浩	U+6D69	1
2074	海	U+6D77	1
2075	涂	U+6D82	1
2076	浴	U+6D74	1
2077	浮	U+6D6E	1
2078	涣	U+6DA3	1
2079	涤	U+6DA4	1
2080	流	U+6D41	1
2081	润	U+6DA6	1
2082	涧	U+6DA7	1
2083	涕	U+6D95	1
2084	浪	U+6D6A	1
2085	浸	U+6D78	1
2086	涨	U+6DA8	1
2087	烫	U+70EB	1
2088	涩	U+6DA9	1
2089	涌	U+6D8C	1
2090	悖	U+6096	1
2091	悟	U+609F	1
2092	悄	U+6084	1
2093	悍	U+608D	1
2094	悔	U+6094	1
2095	悯	U+60AF	1
2096	悦	U+60A6	1
2097	害	U+5BB3	1
2098	宽	U+5BBD	1
2099	家	U+5BB6	1
2100	宵	U+5BB5	1
2101	宴	U+5BB4	1
2102	宾	U+5BBE	1
2103	窍	U+7A8D	1
2104	窄	U+7A84	1
2105	容	U+5BB9	1
2106	宰	U+5BB0	1
2107	案	U+6848	1
2108	请	U+8BF7	1
2109	朗	U+6717	1
2110	诸	U+8BF8	1
2111	诺	U+8BFA	1
2112	读	U+8BFB	1
2113	扇	U+6247	1
2114	诽	U+8BFD	1
2115	袜	U+889C	1
2116	袖	U+8896	1
2117	袍	U+888D	1
2118	被	U+88AB	1
2119	祥	U+7965	1
2120	课	U+8BFE	1
2121	冥	U+51A5	1
2122	谁	U+8C01	1
2123	调	U+8C03	1
2124	冤	U+51A4	1
2125	谅	U+8C05	1
2126	谆	U+8C06	1
2127	谈	U+8C08	1
2128	谊	U+8C0A	1
2129	剥	U+5265	1
2130	恳	U+6073	1
2131	展	U+5C55	1
2132	剧	U+5267	1
2133	屑	U+5C51	1
2134	弱	U+5F31	1
2135	陵	U+9675	1
2136	祟	U+795F	1
2137	陶	U+9676	1
2138	陷	U+9677	1
2139	陪	U+966A	1
2140	娱	U+5A31	1
2141	娟	U+5A1F	1
2142	恕	U+6055	1
2143	娥	U+5A25	1
2144	娘	U+5A18	1
2145	通	U+901A	1
2146	能	U+80FD	1
2147	难	U+96BE	1
2148	预	U+9884	1
2149	桑	U+6851	1
2150	绢	U+7EE2	1
2151	绣	U+7EE3	1
2152	验	U+9A8C	1
2153	继	U+7EE7	1
2154	骏	U+9A8F	1
2155	球	U+7403	1
2156	琐	U+7410	1
2157	理	U+7406	1
2158	琉	U+7409	1
2159	琅	U+7405	1
2160	捧	U+6367	1
2161	堵	U+5835	1
2162	措	U+63AA	1
2163	描	U+63CF	1
2164	域	U+57DF	1
2165	捺	U+637A	1
2166	掩	U+63A9	1
2167	捷	U+6377	1
2168	排	U+6392	1
2169	焉	U+7109	1
2170	掉	U+6389	1
2171	捶	U+6376	1
2172	赦	U+8D66	1
2173	堆	U+5806	1
2174	推	U+63A8	1
2175	埠	U+57E0	1
2176	掀	U+6380	1
2177	授	U+6388	1
2178	捻	U+637B	1
2179	教	U+6559	1
2180	掏	U+638F	1
2181	掐	U+6390	1
2182	掠	U+63A0	1
2183	掂	U+6382	1
2184	培	U+57F9	1
2185	接	U+63A5	1
2186	掷	U+63B7	1
2187	控	U+63A7	1
2188	探	U+63A2	1
2189	据	U+636E	1
2190	掘	U+6398	1
2191	掺	U+63BA	1
2192	职	U+804C	1
2193	基	U+57FA	1
2194	聆	U+8046	1
2195	勘	U+52D8	1
2196	聊	U+804A	1
2197	娶	U+5A36	1
2198	著	U+8457	1
2199	菱	U+83F1	1
2200	勒	U+52D2	1
2201	黄	U+9EC4	1
2202	菲	U+83F2	1
2203	萌	U+840C	1
2204	萝	U+841D	1
2205	菌	U+83CC	1
2206	萎	U+840E	1
2207	菜	U+83DC	1
2208	萄	U+8404	1
2209	菊	U+83CA	1
2210	菩	U+83E9	1
2211	萍	U+840D	1
2212	菠	U+83E0	1
2213	萤	U+8424	1
2214	营	U+8425	1
2215	乾	U+4E7E	1
2216	萧	U+8427	1
2217	萨	U+8428	1
2218	菇	U+83C7	1
2219	械	U+68B0	1
2220	彬	U+5F6C	1
2221	梦	U+68A6	1
2222	婪	U+5A6A	1
2223	梗	U+6897	1
2224	梧	U+68A7	1
2225	梢	U+68A2	1
2226	梅	U+6885	1
2227	检	U+68C0	1
2228	梳	U+68B3	1
2229	梯	U+68AF	1
2230	桶	U+6876	1
2231	梭	U+68AD	1
2232	救	U+6551	1
2233	曹	U+66F9	1
2234	副	U+526F	1
2235	票	U+7968	1
2236	酝	U+915D	1
2237	酗	U+9157	1
2238	厢	U+53A2	1
2239	戚	U+621A	1
2240	硅	U+7845	1
2241	硕	U+7855	1
2242	奢	U+5962	1
2243	盔	U+76D4	1
2244	爽	U+723D	1
2245	聋	U+804B	1
2246	袭	U+88AD	1
2247	盛	U+76DB	1
2248	匾	U+533E	1
2249	雪	U+96EA	1
2250	辅	U+8F85	1
2251	辆	U+8F86	1
2252	颅	U+9885	1
2253	虚	U+865A	1
2254	彪	U+5F6A	1
2255	雀	U+96C0	1
2256	堂	U+5802	1
2257	常	U+5E38	1
2258	眶	U+7736	1
2259	匙	U+5319	1
2260	晨	U+6668	1
2261	睁	U+7741	1
2262	眯	U+772F	1
2263	眼	U+773C	1
2264	悬	U+60AC	1
2265	野	U+91CE	1
2266	啪	U+556A	1
2267	啦	U+5566	1
2268	曼	U+66FC	1
2269	晦	U+6666	1
2270	晚	U+665A	1
2271	啄	U+5544	1
2272	啡	U+5561	1
2273	距	U+8DDD	1
2274	趾	U+8DBE	1
2275	啃	U+5543	1
2276	跃	U+8DC3	1
2277	略	U+7565	1
2278	蚯	U+86AF	1
2279	蛀	U+86C0	1
2280	蛇	U+86C7	1
2281	唬	U+552C	1
2282	累	U+7D2F	1
2283	鄂	U+9102	1
2284	唱	U+5531	1
2285	患	U+60A3	1
2286	啰	U+5570	1
2287	唾	U+553E	1
2288	唯	U+552F	1
2289	啤	U+5564	1
2290	啥	U+5565	1
2291	啸	U+5578	1
2292	崖	U+5D16	1
2293	崎	U+5D0E	1
2294	崭	U+5D2D	1
2295	逻	U+903B	1
2296	崔	U+5D14	1
2297	帷	U+5E37	1
2298	崩	U+5D29	1
2299	崇	U+5D07	1
2300	崛	U+5D1B	1
2301	婴	U+5A74	1
2302	圈	U+5708	1
2303	铐	U+94D0	1
2304	铛	U+94DB	1
2305	铝	U+94DD	1
2306	铜	U+94DC	1
2307	铭	U+94ED	1
2308	铲	U+94F2	1
2309	银	U+94F6	1
2310	矫	U+77EB	1
2311	甜	U+751C	1
2312	秸	U+79F8	1
2313	梨	U+68A8	1
2314	犁	U+7281	1
2315	秽	U+79FD	1
2316	移	U+79FB	1
2317	笨	U+7B28	1
2318	笼	U+7B3C	1
2319	笛	U+7B1B	1
2320	笙	U+7B19	1
2321	符	U+7B26	1
2322	第	U+7B2C	1
2323	敏	U+654F	1
2324	做	U+505A	1
2325	袋	U+888B	1
2326	悠	U+60A0	1
2327	偿	U+507F	1
2328	偶	U+5076	1
2329	偎	U+504E	1
2330	偷	U+5077	1
2331	您	U+60A8	1
2332	售	U+552E	1
2333	停	U+505C	1
2334	偏	U+504F	1
2335	躯	U+8EAF	1
2336	兜	U+515C	1
2337	假	U+5047	1
2338	衅	U+8845	1
2339	徘	U+5F98	1
2340	徙	U+5F99	1
2341	得	U+5F97	1
2342	衔	U+8854	1
2343	盘	U+76D8	1
2344	舶	U+8236	1
2345	船	U+8239	1
2346	舵	U+8235	1
2347	斜	U+659C	1
2348	盒	U+76D2	1
2349	鸽	U+9E3D	1
2350	敛	U+655B	1
2351	悉	U+6089	1
2352	欲	U+6B32	1
2353	彩	U+5F69	1
2354	领	U+9886	1
2355	脚	U+811A	1
2356	脖	U+8116	1
2357	脯	U+812F	1
2358	豚	U+8C5A	1
2359	脸	U+8138	1
2360	脱	U+8131	1
2361	象	U+8C61	1
2362	够	U+591F	1
2363	逸	U+9038	1
2364	猜	U+731C	1
2365	猪	U+732A	1
2366	猎	U+730E	1
2367	猫	U+732B	1
2368	凰	U+51F0	1
2369	猖	U+7316	1
2370	猛	U+731B	1
2371	祭	U+796D	1
2372	馅	U+9985	1
2373	馆	U+9986	1
2374	凑	U+51D1	1
2375	减	U+51CF	1
2376	毫	U+6BEB	1
2377	烹	U+70F9	1
2378	庶	U+5EB6	1
2379	麻	U+9EBB	1
2380	庵	U+5EB5	1
2381	痊	U+75CA	1
2382	痒	U+75D2	1
2383	痕	U+75D5	1
2384	廊	U+5ECA	1
2385	康	U+5EB7	1
2386	庸	U+5EB8	1
2387	鹿	U+9E7F	1
2388	盗	U+76D7	1
2389	章	U+7AE0	1
2390	竟	U+7ADF	1
2391	商	U+5546	1
2392	族	U+65CF	1
2393	旋	U+65CB	1
2394	望	U+671B	1
2395	率	U+7387	1
2396	阎	U+960E	1
2397	阐	U+9610	1
2398	着	U+7740	1
2399	羚	U+7F9A	1
2400	盖	U+76D6	1
2401	眷	U+7737	1
2402	粘	U+7C98	1
2403	粗	U+7C97	1
2404	粒	U+7C92	1
2405	断	U+65AD	1
2406	剪	U+526A	1
2407	兽	U+517D	1
2408	焊	U+710A	1
2409	焕	U+7115	1
2410	清	U+6E05	1
2411	添	U+6DFB	1
2412	鸿	U+9E3F	1
2413	淋	U+6DCB	1
2414	涯	U+6DAF	1
2415	淹	U+6DF9	1
2416	渠	U+6E20	1
2417	渐	U+6E10	1
2418	淑	U+6DD1	1
2419	淌	U+6DCC	1
2420	混	U+6DF7	1
2421	淮	U+6DEE	1
2422	淆	U+6DC6	1
2423	渊	U+6E0A	1
2424	淫	U+6DEB	1
2425	渔	U+6E14	1
2426	淘	U+6DD8	1
2427	淳	U+6DF3	1
2428	液	U+6DB2	1
2429	淤	U+6DE4	1
2430	淡	U+6DE1	1
2431	淀	U+6DC0	1
2432	深	U+6DF1	1
2433	涮	U+6DAE	1
2434	涵	U+6DB5	1
2435	婆	U+5A46	1
2436	梁	U+6881	1
2437	渗	U+6E17	1
2438	情	U+60C5	1
2439	惜	U+60DC	1
2440	惭	U+60ED	1
2441	悼	U+60BC	1
2442	惧	U+60E7	1
2443	惕	U+60D5	1
2444	惟	U+60DF	1
2445	惊	U+60CA	1
2446	惦	U+60E6	1
2447	悴	U+60B4	1
2448	惋	U+60CB	1
2449	惨	U+60E8	1
2450	惯	U+60EF	1
2451	寇	U+5BC7	1
2452	寅	U+5BC5	1
2453	寄	U+5BC4	1
2454	寂	U+5BC2	1
2455	宿	U+5BBF	1
2456	窒	U+7A92	1
2457	窑	U+7A91	1
2458	密	U+5BC6	1
2459	谋	U+8C0B	1
2460	谍	U+8C0D	1
2461	谎	U+8C0E	1
2462	谐	U+8C10	1
2463	袱	U+88B1	1
2464	祷	U+7977	1
2465	祸	U+7978	1
2466	谓	U+8C13	1
2467	谚	U+8C1A	1
2468	谜	U+8C1C	1
2469	逮	U+902E	1
2470	敢	U+6562	1
2471	尉	U+5C09	1
2472	屠	U+5C60	1
2473	弹	U+5F39	1
2474	隋	U+968B	1
2475	堕	U+5815	1
2476	随	U+968F	1
2477	蛋	U+86CB	1
2478	隅	U+9685	1
2479	隆	U+9686	1
2480	隐	U+9690	1
2481	婚	U+5A5A	1
2482	婶	U+5A76	1
2483	婉	U+5A49	1
2484	颇	U+9887	1
2485	颈	U+9888	1
2486	绩	U+7EE9	1
2487	绪	U+7EEA	1
2488	续	U+7EED	1
2489	骑	U+9A91	1
2490	绰	U+7EF0	1
2491	绳	U+7EF3	1
2492	维	U+7EF4	1
2493	绵	U+7EF5	1
2494	绷	U+7EF7	1
2495	绸	U+7EF8	1
2496	综	U+7EFC	1
2497	绽	U+7EFD	1
2498	绿	U+7EFF	1
2499	缀	U+7F00	1
2500	巢	U+5DE2	1
2501	琴	U+7434	1
2502	琳	U+7433	1
2503	琢	U+7422	1
2504	琼	U+743C	1
2505	斑	U+6591	1
2506	替	U+66FF	1
2507	揍	U+63CD	1
2508	款	U+6B3E	1
2509	堪	U+582A	1
2510	塔	U+5854	1
2511	搭	U+642D	1
2512	堰	U+5830	1
2513	揩	U+63E9	1
2514	越	U+8D8A	1
2515	趁	U+8D81	1
2516	趋	U+8D8B	1
2517	超	U+8D85	1
2518	揽	U+63FD	1
2519	堤	U+5824	1
2520	提	U+63D0	1
2521	博	U+535A	1
2522	揭	U+63ED	1
2523	喜	U+559C	1
2524	彭	U+5F6D	1
2525	揣	U+63E3	1
2526	插	U+63D2	1
2527	揪	U+63EA	1
2528	搜	U+641C	1
2529	煮	U+716E	1
2530	援	U+63F4	1
2531	搀	U+6400	1
2532	裁	U+88C1	1
2533	搁	U+6401	1
2534	搓	U+6413	1
2535	搂	U+6402	1
2536	搅	U+6405	1
2537	壹	U+58F9	1
2538	握	U+63E1	1
2539	搔	U+6414	1
2540	揉	U+63C9	1
2541	斯	U+65AF	1
2542	期	U+671F	1
2543	欺	U+6B3A	1
2544	联	U+8054	1
2545	葫	U+846B	1
2546	散	U+6563	1
2547	惹	U+60F9	1
2548	葬	U+846C	1
2549	募	U+52DF	1
2550	葛	U+845B	1
2551	董	U+8463	1
2552	葡	U+8461	1
2553	敬	U+656C	1
2554	葱	U+8471	1
2555	蒋	U+848B	1
2556	蒂	U+8482	1
2557	落	U+843D	1
2558	韩	U+97E9	1
2559	朝	U+671D	1
2560	辜	U+8F9C	1
2561	葵	U+8475	1
2562	棒	U+68D2	1
2563	棱	U+68F1	1
2564	棋	U+68CB	1
2565	椰	U+6930	1
2566	植	U+690D	1
2567	森	U+68EE	1
2568	焚	U+711A	1
2569	椅	U+6905	1
2570	椒	U+6912	1
2571	棵	U+68F5	1
2572	棍	U+68CD	1
2573	椎	U+690E	1
2574	棉	U+68C9	1
2575	棚	U+68DA	1
2576	棕	U+68D5	1
2577	棺	U+68FA	1
2578	榔	U+6994	1
2579	椭	U+692D	1
2580	惠	U+60E0	1
2581	惑	U+60D1	1
2582	逼	U+903C	1
2583	粟	U+7C9F	1
2584	棘	U+68D8	1
2585	酣	U+9163	1
2586	酥	U+9165	1
2587	厨	U+53A8	1
2588	厦	U+53A6	1
2589	硬	U+786C	1
2590	硝	U+785D	1
2591	确	U+786E	1
2592	硫	U+786B	1
2593	雁	U+96C1	1
2594	殖	U+6B96	1
2595	裂	U+88C2	1
2596	雄	U+96C4	1
2597	颊	U+988A	1
2598	雳	U+96F3	1
2599	暂	U+6682	1
2600	雅	U+96C5	1
2601	翘	U+7FD8	1
2602	辈	U+8F88	1
2603	悲	U+60B2	1
2604	紫	U+7D2B	1
2605	凿	U+51FF	1
2606	辉	U+8F89	1
2607	敞	U+655E	1
2608	棠	U+68E0	1
2609	赏	U+8D4F	1
2610	掌	U+638C	1
2611	晴	U+6674	1
2612	睐	U+7750	1
2613	暑	U+6691	1
2614	最	U+6700	1
2615	晰	U+6670	1
2616	量	U+91CF	1
2617	鼎	U+9F0E	1
2618	喷	U+55B7	1
2619	喳	U+55B3	1
2620	晶	U+6676	1
2621	喇	U+5587	1
2622	遇	U+9047	1
2623	喊	U+558A	1
2624	遏	U+904F	1
2625	晾	U+667E	1
2626	景	U+666F	1
2627	畴	U+7574	1
2628	践	U+8DF5	1
2629	跋	U+8DCB	1
2630	跌	U+8DCC	1
2631	跑	U+8DD1	1
2632	跛	U+8DDB	1
2633	遗	U+9057	1
2634	蛙	U+86D9	1
2635	蛛	U+86DB	1
2636	蜓	U+8713	1
2637	蜒	U+8712	1
2638	蛤	U+86E4	1
2639	喝	U+559D	1
2640	鹃	U+9E43	1
2641	喂	U+5582	1
2642	喘	U+5598	1
2643	喉	U+5589	1
2644	喻	U+55BB	1
2645	啼	U+557C	1
2646	喧	U+55A7	1
2647	嵌	U+5D4C	1
2648	幅	U+5E45	1
2649	帽	U+5E3D	1
2650	赋	U+8D4B	1
2651	赌	U+8D4C	1
2652	赎	U+8D4E	1
2653	赐	U+8D50	1
2654	赔	U+8D54	1
2655	黑	U+9ED1	1
2656	铸	U+94F8	1
2657	铺	U+94FA	1
2658	链	U+94FE	1
2659	销	U+9500	1
2660	锁	U+9501	1
2661	锄	U+9504	1
2662	锅	U+9505	1
2663	锈	U+9508	1
2664	锋	U+950B	1
2665	锌	U+950C	1
2666	锐	U+9510	1
2667	甥	U+7525	1
2668	掰	U+63B0	1
2669	短	U+77ED	1
2670	智	U+667A	1
2671	氮	U+6C2E	1
2672	毯	U+6BEF	1
2673	氯	U+6C2F	1
2674	鹅	U+9E45	1
2675	剩	U+5269	1
2676	稍	U+7A0D	1
2677	程	U+7A0B	1
2678	稀	U+7A00	1
2679	税	U+7A0E	1
2680	筐	U+7B50	1
2681	等	U+7B49	1
2682	筑	U+7B51	1
2683	策	U+7B56	1
2684	筛	U+7B5B	1
2685	筒	U+7B52	1
2686	筏	U+7B4F	1
2687	答	U+7B54	1
2688	筋	U+7B4B	1
2689	筝	U+7B5D	1
2690	傲	U+50B2	1
2691	傅	U+5085	1
2692	牌	U+724C	1
2693	堡	U+5821	1
2694	集	U+96C6	1
2695	焦	U+7126	1
2696	傍	U+508D	1
2697	储	U+50A8	1
2698	皓	U+7693	1
2699	皖	U+7696	1
2700	粤	U+7CA4	1
2701	奥	U+5965	1
2702	街	U+8857	1
2703	惩	U+60E9	1
2704	御	U+5FA1	1
2705	循	U+5FAA	1
2706	艇	U+8247	1
2707	舒	U+8212	1
2708	逾	U+903E	1
2709	番	U+756A	1
2710	释	U+91CA	1
2711	禽	U+79BD	1
2712	腊	U+814A	1
2713	脾	U+813E	1
2714	腋	U+814B	1
2715	腔	U+8154	1
2716	腕	U+8155	1
2717	鲁	U+9C81	1
2718	猩	U+7329	1
2719	猬	U+732C	1
2720	猾	U+733E	1
2721	猴	U+7334	1
2722	惫	U+60EB	1
2723	然	U+7136	1
2724	馈	U+9988	1
2725	馋	U+998B	1
2726	装	U+88C5	1
2727	蛮	U+86EE	1
2728	就	U+5C31	1
2729	敦	U+6566	1
2730	斌	U+658C	1
2731	痘	U+75D8	1
2732	痢	U+75E2	1
2733	痪	U+75EA	1
2734	痛	U+75DB	1
2735	童	U+7AE5	1
2736	竣	U+7AE3	1
2737	阔	U+9614	1
2738	善	U+5584	1
2739	翔	U+7FD4	1
2740	羡	U+7FA1	1
2741	普	U+666E	1
2742	粪	U+7CAA	1
2743	尊	U+5C0A	1
2744	奠	U+5960	1
2745	道	U+9053	1
2746	遂	U+9042	1
2747	曾	U+66FE	1
2748	焰	U+7130	1
2749	港	U+6E2F	1
2750	滞	U+6EDE	1
2751	湖	U+6E56	1
2752	湘	U+6E58	1
2753	渣	U+6E23	1
2754	渤	U+6E24	1
2755	渺	U+6E3A	1
2756	湿	U+6E7F	1
2757	温	U+6E29	1
2758	渴	U+6E34	1
2759	溃	U+6E83	1
2760	溅	U+6E85	1
2761	滑	U+6ED1	1
2762	湃	U+6E43	1
2763	渝	U+6E1D	1
2764	湾	U+6E7E	1
2765	渡	U+6E21	1
2766	游	U+6E38	1
2767	滋	U+6ECB	1
2768	渲	U+6E32	1
2769	溉	U+6E89	1
2770	愤	U+6124	1
2771	慌	U+614C	1
2772	惰	U+60F0	1
2773	愕	U+6115	1
2774	愣	U+6123	1
2775	惶	U+60F6	1
2776	愧	U+6127	1
2777	愉	U+6109	1
2778	慨	U+6168	1
2779	割	U+5272	1
2780	寒	U+5BD2	1
2781	富	U+5BCC	1
2782	寓	U+5BD3	1
2783	窜	U+7A9C	1
2784	窝	U+7A9D	1
2785	窖	U+7A96	1
2786	窗	U+7A97	1
2787	窘	U+7A98	1
2788	遍	U+904D	1
2789	雇	U+96C7	1
2790	裕	U+88D5	1
2791	裤	U+88E4	1
2792	裙	U+88D9	1
2793	禅	U+7985	1
2794	禄	U+7984	1
2795	谢	U+8C22	1
2796	谣	U+8C23	1
2797	谤	U+8C24	1
2798	谦	U+8C26	1
2799	犀	U+7280	1
2800	属	U+5C5E	1
2801	屡	U+5C61	1
2802	强	U+5F3A	1
2803	粥	U+7CA5	1
2804	疏	U+758F	1
2805	隔	U+9694	1
2806	隙	U+9699	1
2807	隘	U+9698	1
2808	媒	U+5A92	1
2809	絮	U+7D6E	1
2810	嫂	U+5AC2	1
2811	媚	U+5A9A	1
2812	婿	U+5A7F	1
2813	登	U+767B	1
2814	缅	U+7F05	1
2815	缆	U+7F06	1
2816	缉	U+7F09	1
2817	缎	U+7F0E	1
2818	缓	U+7F13	1
2819	缔	U+7F14	1
2820	缕	U+7F15	1
2821	骗	U+9A97	1
2822	编	U+7F16	1
2823	骚	U+9A9A	1
2824	缘	U+7F18	1
2825	瑟	U+745F	1
2826	鹉	U+9E49	1
2827	瑞	U+745E	1
2828	瑰	U+7470	1
2829	瑙	U+7459	1
2830	魂	U+9B42	1
2831	肆	U+8086	1
2832	摄	U+6444	1
2833	摸	U+6478	1
2834	填	U+586B	1
2835	搏	U+640F	1
2836	塌	U+584C	1
2837	鼓	U+9F13	1
2838	摆	U+6446	1
2839	携	U+643A	1
2840	搬	U+642C	1
2841	摇	U+6447	1
2842	搞	U+641E	1
2843	塘	U+5858	1
2844	摊	U+644A	1
2845	聘	U+8058	1
2846	斟	U+659F	1
2847	蒜	U+849C	1
2848	勤	U+52E4	1
2849	靴	U+9774	1
2850	靶	U+9776	1
2851	鹊	U+9E4A	1
2852	蓝	U+84DD	1
2853	墓	U+5893	1
2854	幕	U+5E55	1
2855	蓬	U+84EC	1
2856	蓄	U+84C4	1
2857	蒲	U+84B2	1
2858	蓉	U+84C9	1
2859	蒙	U+8499	1
2860	蒸	U+84B8	1
2861	献	U+732E	1
2862	椿	U+693F	1
2863	禁	U+7981	1
2864	楚	U+695A	1
2865	楷	U+6977	1
2866	榄	U+6984	1
2867	想	U+60F3	1
2868	槐	U+69D0	1
2869	榆	U+6986	1
2870	楼	U+697C	1
2871	概	U+6982	1
2872	赖	U+8D56	1
2873	酪	U+916A	1
2874	酬	U+916C	1
2875	感	U+611F	1
2876	碍	U+788D	1
2877	碘	U+7898	1
2878	碑	U+7891	1
2879	碎	U+788E	1
2880	碰	U+78B0	1
2881	碗	U+7897	1
2882	碌	U+788C	1
2883	尴	U+5C34	1
2884	雷	U+96F7	1
2885	零	U+96F6	1
2886	雾	U+96FE	1
2887	雹	U+96F9	1
2888	辐	U+8F90	1
2889	辑	U+8F91	1
2890	输	U+8F93	1
2891	督	U+7763	1
2892	频	U+9891	1
2893	龄	U+9F84	1
2894	鉴	U+9274	1
2895	睛	U+775B	1
2896	睹	U+7779	1
2897	睦	U+7766	1
2898	瞄	U+7784	1
2899	睫	U+776B	1
2900	睡	U+7761	1
2901	睬	U+776C	1
2902	嗜	U+55DC	1
2903	鄙	U+9119	1
2904	嗦	U+55E6	1
2905	愚	U+611A	1
2906	暖	U+6696	1
2907	盟	U+76DF	1
2908	歇	U+6B47	1
2909	暗	U+6697	1
2910	暇	U+6687	1
2911	照	U+7167	1
2912	畸	U+7578	1
2913	跨	U+8DE8	1
2914	跷	U+8DF7	1
2915	跳	U+8DF3	1
2916	跺	U+8DFA	1
2917	跪	U+8DEA	1
2918	路	U+8DEF	1
2919	跤	U+8DE4	1
2920	跟	U+8DDF	1
2921	遣	U+9063	1
2922	蜈	U+8708	1
2923	蜗	U+8717	1
2924	蛾	U+86FE	1
2925	蜂	U+8702	1
2926	蜕	U+8715	1
2927	嗅	U+55C5	1
2928	嗡	U+55E1	1
2929	嗓	U+55D3	1
2930	署	U+7F72	1
2931	置	U+7F6E	1
2932	罪	U+7F6A	1
2933	罩	U+7F69	1
2934	蜀	U+8700	1
2935	幌	U+5E4C	1
2936	错	U+9519	1
2937	锚	U+951A	1
2938	锡	U+9521	1
2939	锣	U+9523	1
2940	锤	U+9524	1
2941	锥	U+9525	1
2942	锦	U+9526	1
2943	键	U+952E	1
2944	锯	U+952F	1
2945	锰	U+9530	1
2946	矮	U+77EE	1
2947	辞	U+8F9E	1
2948	稚	U+7A1A	1
2949	稠	U+7A20	1
2950	颓	U+9893	1
2951	愁	U+6101	1
2952	筹	U+7B79	1
2953	签	U+7B7E	1
2954	简	U+7B80	1
2955	筷	U+7B77	1
2956	毁	U+6BC1	1
2957	舅	U+8205	1
2958	鼠	U+9F20	1
2959	催	U+50AC	1
2960	傻	U+50BB	1
2961	像	U+50CF	1
2962	躲	U+8EB2	1
2963	魁	U+9B41	1
2964	衙	U+8859	1
2965	微	U+5FAE	1
2966	愈	U+6108	1
2967	遥	U+9065	1
2968	腻	U+817B	1
2969	腰	U+8170	1
2970	腥	U+8165	1
2971	腮	U+816E	1
2972	腹	U+8179	1
2973	腺	U+817A	1
2974	鹏	U+9E4F	1
2975	腾	U+817E	1
2976	腿	U+817F	1
2977	鲍	U+9C8D	1
2978	猿	U+733F	1
2979	颖	U+9896	1
2980	触	U+89E6	1
2981	解	U+89E3	1
2982	煞	U+715E	1
2983	雏	U+96CF	1
2984	馍	U+998D	1
2985	馏	U+998F	1
2986	酱	U+9171	1
2987	禀	U+7980	1
2988	痹	U+75F9	1
2989	廓	U+5ED3	1
2990	痴	U+75F4	1
2991	痰	U+75F0	1
2992	廉	U+5EC9	1
2993	靖	U+9756	1
2994	新	U+65B0	1
2995	韵	U+97F5	1
2996	意	U+610F	1
2997	誊	U+8A8A	1
2998	粮	U+7CAE	1
2999	数	U+6570	1
3000	煎	U+714E	1
3001	塑	U+5851	1
3002	慈	U+6148	1
3003	煤	U+7164	1
3004	煌	U+714C	1
3005	满	U+6EE1	1
3006	漠	U+6F20	1
3007	滇	U+6EC7	1
3008	源	U+6E90	1
3009	滤	U+6EE4	1
3010	滥	U+6EE5	1
3011	滔	U+6ED4	1
3012	溪	U+6EAA	1
3013	溜	U+6E9C	1
3014	漓	U+6F13	1
3015	滚	U+6EDA	1
3016	溢	U+6EA2	1
3017	溯	U+6EAF	1
3018	滨	U+6EE8	1
3019	溶	U+6EB6	1
3020	溺	U+6EBA	1
3021	粱	U+7CB1	1
3022	滩	U+6EE9	1
3023	慎	U+614E	1
3024	誉	U+8A89	1
3025	塞	U+585E	1
3026	寞	U+5BDE	1
3027	窥	U+7AA5	1
3028	窟	U+7A9F	1
3029	寝	U+5BDD	1
3030	谨	U+8C28	1
3031	褂	U+8902	1
3032	裸	U+88F8	1
3033	福	U+798F	1
3034	谬	U+8C2C	1
3035	群	U+7FA4	1
3036	殿	U+6BBF	1
3037	辟	U+8F9F	1
3038	障	U+969C	1
3039	媳	U+5AB3	1
3040	嫉	U+5AC9	1
3041	嫌	U+5ACC	1
3042	嫁	U+5AC1	1
3043	叠	U+53E0	1
3044	缚	U+7F1A	1
3045	缝	U+7F1D	1
3046	缠	U+7F20	1
3047	缤	U+7F24	1
3048	剿	U+527F	1
3049	静	U+9759	1
3050	碧	U+78A7	1
3051	璃	U+7483	1
3052	赘	U+8D58	1
3053	熬	U+71AC	1
3054	墙	U+5899	1
3055	墟	U+589F	1
3056	嘉	U+5609	1
3057	摧	U+6467	1
3058	赫	U+8D6B	1
3059	截	U+622A	1
3060	誓	U+8A93	1
3061	境	U+5883	1
3062	摘	U+6458	1
3063	摔	U+6454	1
3064	撇	U+6487	1
3065	聚	U+805A	1
3066	慕	U+6155	1
3067	暮	U+66AE	1
3068	摹	U+6479	1
3069	蔓	U+8513	1
3070	蔑	U+8511	1
3071	蔡	U+8521	1
3072	蔗	U+8517	1
3073	蔽	U+853D	1
3074	蔼	U+853C	1
3075	熙	U+7199	1
3076	蔚	U+851A	1
3077	兢	U+5162	1
3078	模	U+6A21	1
3079	槛	U+69DB	1
3080	榴	U+69B4	1
3081	榜	U+699C	1
3082	榨	U+69A8	1
3083	榕	U+6995	1
3084	歌	U+6B4C	1
3085	遭	U+906D	1
3086	酵	U+9175	1
3087	酷	U+9177	1
3088	酿	U+917F	1
3089	酸	U+9178	1
3090	碟	U+789F	1
3091	碱	U+78B1	1
3092	碳	U+78B3	1
3093	磁	U+78C1	1
3094	愿	U+613F	1
3095	需	U+9700	1
3096	辖	U+8F96	1
3097	辗	U+8F97	1
3098	雌	U+96CC	1
3099	裳	U+88F3	1
3100	颗	U+9897	1
3101	瞅	U+7785	1
3102	墅	U+5885	1
3103	嗽	U+55FD	1
3104	踊	U+8E0A	1
3105	蜻	U+873B	1
3106	蜡	U+8721	1
3107	蝇	U+8747	1
3108	蜘	U+8718	1
3109	蝉	U+8749	1
3110	嘛	U+561B	1
3111	嘀	U+5600	1
3112	赚	U+8D5A	1
3113	锹	U+9539	1
3114	锻	U+953B	1
3115	镀	U+9540	1
3116	舞	U+821E	1
3117	舔	U+8214	1
3118	稳	U+7A33	1
3119	熏	U+718F	1
3120	箕	U+7B95	1
3121	算	U+7B97	1
3122	箩	U+7BA9	1
3123	管	U+7BA1	1
3124	箫	U+7BAB	1
3125	舆	U+8206	1
3126	僚	U+50DA	1
3127	僧	U+50E7	1
3128	鼻	U+9F3B	1
3129	魄	U+9B44	1
3130	魅	U+9B45	1
3131	貌	U+8C8C	1
3132	膜	U+819C	1
3133	膊	U+818A	1
3134	膀	U+8180	1
3135	鲜	U+9C9C	1
3136	疑	U+7591	1
3137	孵	U+5B75	1
3138	馒	U+9992	1
3139	裹	U+88F9	1
3140	敲	U+6572	1
3141	豪	U+8C6A	1
3142	膏	U+818F	1
3143	遮	U+906E	1
3144	腐	U+8150	1
3145	瘩	U+7629	1
3146	瘟	U+761F	1
3147	瘦	U+7626	1
3148	辣	U+8FA3	1
3149	彰	U+5F70	1
3150	竭	U+7AED	1
3151	端	U+7AEF	1
3152	旗	U+65D7	1
3153	精	U+7CBE	1
3154	粹	U+7CB9	1
3155	歉	U+6B49	1
3156	弊	U+5F0A	1
3157	熄	U+7184	1
3158	熔	U+7194	1
3159	煽	U+717D	1
3160	潇	U+6F47	1
3161	漆	U+6F06	1
3162	漱	U+6F31	1
3163	漂	U+6F02	1
3164	漫	U+6F2B	1
3165	滴	U+6EF4	1
3166	漾	U+6F3E	1
3167	演	U+6F14	1
3168	漏	U+6F0F	1
3169	慢	U+6162	1
3170	慷	U+6177	1
3171	寨	U+5BE8	1
3172	赛	U+8D5B	1
3173	寡	U+5BE1	1
3174	察	U+5BDF	1
3175	蜜	U+871C	1
3176	寥	U+5BE5	1
3177	谭	U+8C2D	1
3178	肇	U+8087	1
3179	褐	U+8910	1
3180	褪	U+892A	1
3181	谱	U+8C31	1
3182	隧	U+96A7	1
3183	嫩	U+5AE9	1
3184	翠	U+7FE0	1
3185	熊	U+718A	1
3186	凳	U+51F3	1
3187	骡	U+9AA1	1
3188	缩	U+7F29	1
3189	慧	U+6167	1
3190	撵	U+64B5	1
3191	撕	U+6495	1
3192	撒	U+6492	1
3193	撩	U+64A9	1
3194	趣	U+8DA3	1
3195	趟	U+8D9F	1
3196	撑	U+6491	1
3197	撮	U+64AE	1
3198	撬	U+64AC	1
3199	播	U+64AD	1
3200	擒	U+64D2	1
3201	墩	U+58A9	1
3202	撞	U+649E	1
3203	撤	U+64A4	1
3204	增	U+589E	1
3205	撰	U+64B0	1
3206	聪	U+806A	1
3207	鞋	U+978B	1
3208	鞍	U+978D	1
3209	蕉	U+8549	1
3210	蕊	U+854A	1
3211	蔬	U+852C	1
3212	蕴	U+8574	1
3213	横	U+6A2A	1
3214	槽	U+69FD	1
3215	樱	U+6A31	1
3216	橡	U+6A61	1
3217	樟	U+6A1F	1
3218	橄	U+6A44	1
3219	敷	U+6577	1
3220	豌	U+8C4C	1
3221	飘	U+98D8	1
3222	醋	U+918B	1
3223	醇	U+9187	1
3224	醉	U+9189	1
3225	磕	U+78D5	1
3226	磊	U+78CA	1
3227	磅	U+78C5	1
3228	碾	U+78BE	1
3229	震	U+9707	1
3230	霄	U+9704	1
3231	霉	U+9709	1
3232	瞒	U+7792	1
3233	题	U+9898	1
3234	暴	U+66B4	1
3235	瞎	U+778E	1
3236	嘻	U+563B	1
3237	嘶	U+5636	1
3238	嘲	U+5632	1
3239	嘹	U+5639	1
3240	影	U+5F71	1
3241	踢	U+8E22	1
3242	踏	U+8E0F	1
3243	踩	U+8E29	1
3244	踪	U+8E2A	1
3245	蝶	U+8776	1
3246	蝴	U+8774	1
3247	蝠	U+8760	1
3248	蝎	U+874E	1
3249	蝌	U+874C	1
3250	蝗	U+8757	1
3251	蝙	U+8759	1
3252	嘿	U+563F	1
3253	嘱	U+5631	1
3254	幢	U+5E62	1
3255	墨	U+58A8	1
3256	镇	U+9547	1
3257	镐	U+9550	1
3258	镑	U+9551	1
3259	靠	U+9760	1
3260	稽	U+7A3D	1
3261	稻	U+7A3B	1
3262	黎	U+9ECE	1
3263	稿	U+7A3F	1
3264	稼	U+7A3C	1
3265	箱	U+7BB1	1
3266	篓	U+7BD3	1
3267	箭	U+7BAD	1
3268	篇	U+7BC7	1
3269	僵	U+50F5	1
3270	躺	U+8EBA	1
3271	僻	U+50FB	1
3272	德	U+5FB7	1
3273	艘	U+8258	1
3274	膝	U+819D	1
3275	膛	U+819B	1
3276	鲤	U+9CA4	1
3277	鲫	U+9CAB	1
3278	熟	U+719F	1
3279	摩	U+6469	1
3280	褒	U+8912	1
3281	瘪	U+762A	1
3282	瘤	U+7624	1
3283	瘫	U+762B	1
3284	凛	U+51DB	1
3285	颜	U+989C	1
3286	毅	U+6BC5	1
3287	糊	U+7CCA	1
3288	遵	U+9075	1
3289	憋	U+618B	1
3290	潜	U+6F5C	1
3291	澎	U+6F8E	1
3292	潮	U+6F6E	1
3293	潭	U+6F6D	1
3294	鲨	U+9CA8	1
3295	澳	U+6FB3	1
3296	潘	U+6F58	1
3297	澈	U+6F88	1
3298	澜	U+6F9C	1
3299	澄	U+6F84	1
3300	懂	U+61C2	1
3301	憔	U+6194	1
3302	懊	U+61CA	1
3303	憎	U+618E	1
3304	额	U+989D	1
3305	翩	U+7FE9	1
3306	褥	U+8925	1
3307	谴	U+8C34	1
3308	鹤	U+9E64	1
3309	憨	U+61A8	1
3310	慰	U+6170	1
3311	劈	U+5288	1
3312	履	U+5C65	1
3313	豫	U+8C6B	1
3314	缭	U+7F2D	1
3315	撼	U+64BC	1
3316	擂	U+64C2	1
3317	操	U+64CD	1
3318	擅	U+64C5	1
3319	燕	U+71D5	1
3320	蕾	U+857E	1
3321	薯	U+85AF	1
3322	薛	U+859B	1
3323	薇	U+8587	1
3324	擎	U+64CE	1
3325	薪	U+85AA	1
3326	薄	U+8584	1
3327	颠	U+98A0	1
3328	翰	U+7FF0	1
3329	噩	U+5669	1
3330	橱	U+6A71	1
3331	橙	U+6A59	1
3332	橘	U+6A58	1
3333	整	U+6574	1
3334	融	U+878D	1
3335	瓢	U+74E2	1
3336	醒	U+9192	1
3337	霍	U+970D	1
3338	霎	U+970E	1
3339	辙	U+8F99	1
3340	冀	U+5180	1
3341	餐	U+9910	1
3342	嘴	U+5634	1
3343	踱	U+8E31	1
3344	蹄	U+8E44	1
3345	蹂	U+8E42	1
3346	蟆	U+87C6	1
3347	螃	U+8783	1
3348	器	U+5668	1
3349	噪	U+566A	1
3350	鹦	U+9E66	1
3351	赠	U+8D60	1
3352	默	U+9ED8	1
3353	黔	U+9ED4	1
3354	镜	U+955C	1
3355	赞	U+8D5E	1
3356	穆	U+7A46	1
3357	篮	U+7BEE	1
3358	篡	U+7BE1	1
3359	篷	U+7BF7	1
3360	篱	U+7BF1	1
3361	儒	U+5112	1
3362	邀	U+9080	1
3363	衡	U+8861	1
3364	膨	U+81A8	1
3365	雕	U+96D5	1
3366	鲸	U+9CB8	1
3367	磨	U+78E8	1
3368	瘾	U+763E	1
3369	瘸	U+7638	1
3370	凝	U+51DD	1
3371	辨	U+8FA8	1
3372	辩	U+8FA9	1
3373	糙	U+7CD9	1
3374	糖	U+7CD6	1
3375	糕	U+7CD5	1
3376	燃	U+71C3	1
3377	濒	U+6FD2	1
3378	澡	U+6FA1	1
3379	激	U+6FC0	1
3380	懒	U+61D2	1
3381	憾	U+61BE	1
3382	懈	U+61C8	1
3383	窿	U+7ABF	1
3384	壁	U+58C1	1
3385	避	U+907F	1
3386	缰	U+7F30	1
3387	缴	U+7F34	1
3388	戴	U+6234	1
3389	擦	U+64E6	1
3390	藉	U+85C9	1
3391	鞠	U+97A0	1
3392	藏	U+85CF	1
3393	藐	U+85D0	1
3394	檬	U+6AAC	1
3395	檐	U+6A90	1
3396	檀	U+6A80	1
3397	礁	U+7901	1
3398	磷	U+78F7	1
3399	霜	U+971C	1
3400	霞	U+971E	1
3401	瞭	U+77AD	1
3402	瞧	U+77A7	1
3403	瞬	U+77AC	1
3404	瞳	U+77B3	1
3405	瞩	U+77A9	1
3406	瞪	U+77AA	1
3407	曙	U+66D9	1
3408	蹋	U+8E4B	1
3409	蹈	U+8E48	1
3410	螺	U+87BA	1
3411	蟋	U+87CB	1
3412	蟀	U+87C0	1
3413	嚎	U+568E	1
3414	赡	U+8D61	1
3415	穗	U+7A57	1
3416	魏	U+9B4F	1
3417	簧	U+7C27	1
3418	簇	U+7C07	1
3419	繁	U+7E41	1
3420	徽	U+5FBD	1
3421	爵	U+7235	1
3422	朦	U+6726	1
3423	臊	U+81CA	1
3424	鳄	U+9CC4	1
3425	癌	U+764C	1
3426	辫	U+8FAB	1
3427	赢	U+8D62	1
3428	糟	U+7CDF	1
3429	糠	U+7CE0	1
3430	燥	U+71E5	1
3431	懦	U+61E6	1
3432	豁	U+8C41	1
3433	臀	U+81C0	1
3434	臂	U+81C2	1
3435	翼	U+7FFC	1
3436	骤	U+9AA4	1
3437	藕	U+85D5	1
3438	鞭	U+97AD	1
3439	藤	U+85E4	1
3440	覆	U+8986	1
3441	瞻	U+77BB	1
3442	蹦	U+8E66	1
3443	嚣	U+56A3	1
3444	镰	U+9570	1
3445	翻	U+7FFB	1
3446	鳍	U+9CCD	1
3447	鹰	U+9E70	1
3448	瀑	U+7011	1
3449	襟	U+895F	1
3450	璧	U+74A7	1
3451	戳	U+6233	1
3452	孽	U+5B7D	1
3453	警	U+8B66	1
3454	蘑	U+8611	1
3455	藻	U+85FB	1
3456	攀	U+6500	1
3457	曝	U+66DD	1
3458	蹲	U+8E72	1
3459	蹭	U+8E6D	1
3460	蹬	U+8E6C	1
3461	巅	U+5DC5	1
3462	簸	U+7C38	1
3463	簿	U+7C3F	1
3464	蟹	U+87F9	1
3465	颤	U+98A4	1
3466	靡	U+9761	1
3467	癣	U+7663	1
3468	瓣	U+74E3	1
3469	羹	U+7FB9	1
3470	鳖	U+9CD6	1
3471	爆	U+7206	1
3472	疆	U+7586	1
3473	鬓	U+9B13	1
3474	壤	U+58E4	1
3475	馨	U+99A8	1
3476	耀	U+8000	1
3477	躁	U+8E81	1
3478	蠕	U+8815	1
3479	嚼	U+56BC	1
3480	嚷	U+56B7	1
3481	巍	U+5DCD	1
3482	籍	U+7C4D	1
3483	鳞	U+9CDE	1
3484	魔	U+9B54	1
3485	糯	U+7CEF	1
3486	灌	U+704C	1
3487	譬	U+8B6C	1
3488	蠢	U+8822	1
3489	霸	U+9738	1
3490	露	U+9732	1
3491	霹	U+9739	1
3492	躏	U+8E8F	1
3493	黯	U+9EEF	1
3494	髓	U+9AD3	1
3495	赣	U+8D63	1
3496	囊	U+56CA	1
3497	镶	U+9576	1
3498	瓤	U+74E4	1
3499	罐	U+7F50	1
3500	矗	U+77D7	1
3501	乂	U+4E42	2
3502	乜	U+4E5C	2
3503	兀	U+5140	2
3504	弋	U+5F0B	2
3505	孑	U+5B51	2
3506	孓	U+5B53	2
3507	幺	U+5E7A	2
3508	亓	U+4E93	2
3509	韦	U+97E6	2
3510	廿	U+5EFF	2
3511	丏	U+4E0F	2
3512	卅	U+5345	2
3513	仄	U+4EC4	2
3514	厄	U+5384	2
3515	仃	U+4EC3	2
3516	仉	U+4EC9	2
3517	仂	U+4EC2	2
3518	兮	U+516E	2
3519	刈	U+5208	2
3520	爻	U+723B	2
3521	卞	U+535E	2
3522	闩	U+95E9	2
3523	讣	U+8BA3	2
3524	尹	U+5C39	2
3525	夬	U+592C	2
3526	爿	U+723F	2
3527	毋	U+6BCB	2
3528	邗	U+9097	2
3529	邛	U+909B	2
3530	艽	U+827D	2
3531	艿	U+827F	2
3532	札	U+672D	2
3533	叵	U+53F5	2
3534	匝	U+531D	2
3535	丕	U+4E15	2
3536	匜	U+531C	2
3537	劢	U+52A2	2
3538	卟	U+535F	2
3539	叱	U+53F1	2
3540	叻	U+53FB	2
3541	仨	U+4EE8	2
3542	仕	U+4ED5	2
3543	仟	U+4EDF	2
3544	仡	U+4EE1	2
3545	仫	U+4EEB	2
3546	仞	U+4EDE	2
3547	卮	U+536E	2
3548	氐	U+6C10	2
3549	犰	U+72B0	2
3550	刍	U+520D	2
3551	邝	U+909D	2
3552	邙	U+9099	2
3553	汀	U+6C40	2
3554	讦	U+8BA6	2
3555	讧	U+8BA7	2
3556	讪	U+8BAA	2
3557	讫	U+8BAB	2
3558	尻	U+5C3B	2
3559	阡	U+9621	2
3560	尕	U+5C15	2
3561	弁	U+5F01	2
3562	驭	U+9A6D	2
3563	匡	U+5321	2
3564	耒	U+8012	2
3565	玎	U+738E	2
3566	玑	U+7391	2
3567	邢	U+90A2	2
3568	圩	U+5729	2
3569	圬	U+572C	2
3570	圭	U+572D	2
3571	扦	U+6266	2
3572	圪	U+572A	2
3573	圳	U+5733	2
3574	圹	U+5739	2
3575	扪	U+626A	2
3576	圮	U+572E	2
3577	圯	U+572F	2
3578	芊	U+828A	2
3579	芍	U+828D	2
3580	芄	U+8284	2
3581	芨	U+82A8	2
3582	芑	U+8291	2
3583	芎	U+828E	2
3584	芗	U+8297	2
3585	亘	U+4E98	2
3586	厍	U+538D	2
3587	夼	U+593C	2
3588	戍	U+620D	2
3589	尥	U+5C25	2
3590	乩	U+4E69	2
3591	旯	U+65EF	2
3592	曳	U+66F3	2
3593	岌	U+5C8C	2
3594	屺	U+5C7A	2
3595	凼	U+51FC	2
3596	囡	U+56E1	2
3597	钇	U+9487	2
3598	缶	U+7F36	2
3599	氘	U+6C18	2
3600	氖	U+6C16	2
3601	牝	U+725D	2
3602	伎	U+4F0E	2
3603	伛	U+4F1B	2
3604	伢	U+4F22	2
3605	佤	U+4F64	2
3606	仵	U+4EF5	2
3607	伥	U+4F25	2
3608	伧	U+4F27	2
3609	伉	U+4F09	2
3610	伫	U+4F2B	2
3611	囟	U+56DF	2
3612	汆	U+6C46	2
3613	刖	U+5216	2
3614	夙	U+5919	2
3615	旮	U+65EE	2
3616	刎	U+520E	2
3617	犷	U+72B7	2
3618	犸	U+72B8	2
3619	舛	U+821B	2
3620	凫	U+51EB	2
3621	邬	U+90AC	2
3622	饧	U+9967	2
3623	汕	U+6C55	2
3624	汔	U+6C54	2
3625	汐	U+6C50	2
3626	汲	U+6C72	2
3627	汜	U+6C5C	2
3628	汊	U+6C4A	2
3629	忖	U+5FD6	2
3630	忏	U+5FCF	2
3631	讴	U+8BB4	2
3632	讵	U+8BB5	2
3633	祁	U+7941	2
3634	讷	U+8BB7	2
3635	聿	U+807F	2
3636	艮	U+826E	2
3637	厾	U+53BE	2
3638	阱	U+9631	2
3639	阮	U+962E	2
3640	阪	U+962A	2
3641	丞	U+4E1E	2
3642	妁	U+5981	2
3643	牟	U+725F	2
3644	纡	U+7EA1	2
3645	纣	U+7EA3	2
3646	纥	U+7EA5	2
3647	纨	U+7EA8	2
3648	玕	U+7395	2
3649	玙	U+7399	2
3650	抟	U+629F	2
3651	抔	U+6294	2
3652	圻	U+573B	2
3653	坂	U+5742	2
3654	坍	U+574D	2
3655	坞	U+575E	2
3656	抃	U+6283	2
3657	抉	U+6289	2
3658	㧐	U+39D0	2
3659	芫	U+82AB	2
3660	邯	U+90AF	2
3661	芸	U+82B8	2
3662	芾	U+82BE	2
3663	苈	U+82C8	2
3664	苣	U+82E3	2
3665	芷	U+82B7	2
3666	芮	U+82AE	2
3667	苋	U+82CB	2
3668	芼	U+82BC	2
3669	苌	U+82CC	2
3670	苁	U+82C1	2
3671	芩	U+82A9	2
3672	芪	U+82AA	2
3673	芡	U+82A1	2
3674	芟	U+829F	2
3675	苄	U+82C4	2
3676	苎	U+82CE	2
3677	苡	U+82E1	2
3678	杌	U+674C	2
3679	杓	U+6753	2
3680	杞	U+675E	2
3681	杈	U+6748	2
3682	忑	U+5FD1	2
3683	孛	U+5B5B	2
3684	邴	U+90B4	2
3685	邳	U+90B3	2
3686	矶	U+77F6	2
3687	奁	U+5941	2
3688	豕	U+8C55	2
3689	忒	U+5FD2	2
3690	欤	U+6B24	2
3691	轫	U+8F6B	2
3692	迓	U+8FD3	2
3693	邶	U+90B6	2
3694	忐	U+5FD0	2
3695	卣	U+5363	2
3696	邺	U+90BA	2
3697	旰	U+65F0	2
3698	呋	U+544B	2
3699	呒	U+5452	2
3700	呓	U+5453	2
3701	呔	U+5454	2
3702	呖	U+5456	2
3703	呃	U+5443	2
3704	旸	U+65F8	2
3705	吡	U+5421	2
3706	町	U+753A	2
3707	虬	U+866C	2
3708	呗	U+5457	2
3709	吽	U+543D	2
3710	吣	U+5423	2
3711	吲	U+5432	2
3712	帏	U+5E0F	2
3713	岐	U+5C90	2
3714	岈	U+5C88	2
3715	岘	U+5C98	2
3716	岑	U+5C91	2
3717	岚	U+5C9A	2
3718	兕	U+5155	2
3719	囵	U+56F5	2
3720	囫	U+56EB	2
3721	钊	U+948A	2
3722	钋	U+948B	2
3723	钌	U+948C	2
3724	迕	U+8FD5	2
3725	氙	U+6C19	2
3726	氚	U+6C1A	2
3727	牤	U+7264	2
3728	佞	U+4F5E	2
3729	邱	U+90B1	2
3730	攸	U+6538	2
3731	佚	U+4F5A	2
3732	佝	U+4F5D	2
3733	佟	U+4F5F	2
3734	佗	U+4F57	2
3735	伽	U+4F3D	2
3736	彷	U+5F77	2
3737	佘	U+4F58	2
3738	佥	U+4F65	2
3739	孚	U+5B5A	2
3740	豸	U+8C78	2
3741	坌	U+574C	2
3742	肟	U+809F	2
3743	邸	U+90B8	2
3744	奂	U+5942	2
3745	劬	U+52AC	2
3746	狄	U+72C4	2
3747	狁	U+72C1	2
3748	鸠	U+9E20	2
3749	邹	U+90B9	2
3750	饨	U+9968	2
3751	饩	U+9969	2
3752	饪	U+996A	2
3753	饫	U+996B	2
3754	饬	U+996C	2
3755	亨	U+4EA8	2
3756	庑	U+5E91	2
3757	庋	U+5E8B	2
3758	疔	U+7594	2
3759	疖	U+7596	2
3760	肓	U+8093	2
3761	闱	U+95F1	2
3762	闳	U+95F3	2
3763	闵	U+95F5	2
3764	羌	U+7F8C	2
3765	炀	U+7080	2
3766	沣	U+6CA3	2
3767	沅	U+6C85	2
3768	沔	U+6C94	2
3769	沤	U+6CA4	2
3770	沌	U+6C8C	2
3771	沏	U+6C8F	2
3772	沚	U+6C9A	2
3773	汩	U+6C69	2
3774	汨	U+6C68	2
3775	沂	U+6C82	2
3776	汾	U+6C7E	2
3777	沨	U+6CA8	2
3778	汴	U+6C74	2
3779	汶	U+6C76	2
3780	沆	U+6C86	2
3781	沩	U+6CA9	2
3782	泐	U+6CD0	2
3783	怃	U+6003	2
3784	怄	U+6004	2
3785	忡	U+5FE1	2
3786	忤	U+5FE4	2
3787	忾	U+5FFE	2
3788	怅	U+6005	2
3789	忻	U+5FFB	2
3790	忪	U+5FEA	2
3791	怆	U+6006	2
3792	忭	U+5FED	2
3793	忸	U+5FF8	2
3794	诂	U+8BC2	2
3795	诃	U+8BC3	2
3796	诅	U+8BC5	2
3797	诋	U+8BCB	2
3798	诌	U+8BCC	2
3799	诏	U+8BCF	2
3800	诒	U+8BD2	2
3801	孜	U+5B5C	2
3802	陇	U+9647	2
3803	陀	U+9640	2
3804	陂	U+9642	2
3805	陉	U+9649	2
3806	妍	U+598D	2
3807	妩	U+59A9	2
3808	妪	U+59AA	2
3809	妣	U+59A3	2
3810	妊	U+598A	2
3811	妗	U+5997	2
3812	妫	U+59AB	2
3813	妞	U+599E	2
3814	姒	U+59D2	2
3815	妤	U+59A4	2
3816	邵	U+90B5	2
3817	劭	U+52AD	2
3818	刭	U+522D	2
3819	甬	U+752C	2
3820	邰	U+90B0	2
3821	纭	U+7EAD	2
3822	纰	U+7EB0	2
3823	纴	U+7EB4	2
3824	纶	U+7EB6	2
3825	纾	U+7EBE	2
3826	玮	U+73AE	2
3827	玡	U+73A1	2
3828	玭	U+73AD	2
3829	玠	U+73A0	2
3830	玢	U+73A2	2
3831	玥	U+73A5	2
3832	玦	U+73A6	2
3833	盂	U+76C2	2
3834	忝	U+5FDD	2
3835	匦	U+5326	2
3836	坩	U+5769	2
3837	抨	U+62A8	2
3838	拤	U+62E4	2
3839	坫	U+576B	2
3840	拈	U+62C8	2
3841	垆	U+5786	2
3842	抻	U+62BB	2
3843	劼	U+52BC	2
3844	拃	U+62C3	2
3845	拊	U+62CA	2
3846	坼	U+577C	2
3847	坻	U+577B	2
3848	㧟	U+39DF	2
3849	坨	U+5768	2
3850	坭	U+576D	2
3851	抿	U+62BF	2
3852	坳	U+5773	2
3853	耶	U+8036	2
3854	苷	U+82F7	2
3855	苯	U+82EF	2
3856	苤	U+82E4	2
3857	茏	U+830F	2
3858	苫	U+82EB	2
3859	苜	U+82DC	2
3860	苴	U+82F4	2
3861	苒	U+82D2	2
3862	苘	U+82D8	2
3863	茌	U+830C	2
3864	苻	U+82FB	2
3865	苓	U+82D3	2
3866	茚	U+831A	2
3867	茆	U+8306	2
3868	茑	U+8311	2
3869	茓	U+8313	2
3870	茔	U+8314	2
3871	茕	U+8315	2
3872	茀	U+8300	2
3873	苕	U+82D5	2
3874	枥	U+67A5	2
3875	枇	U+6787	2
3876	杪	U+676A	2
3877	杳	U+6773	2
3878	枧	U+67A7	2
3879	杵	U+6775	2
3880	枨	U+67A8	2
3881	枞	U+679E	2
3882	枋	U+678B	2
3883	杻	U+677B	2
3884	杷	U+6777	2
3885	杼	U+677C	2
3886	矸	U+77F8	2
3887	砀	U+7800	2
3888	刳	U+5233	2
3889	奄	U+5944	2
3890	瓯	U+74EF	2
3891	殁	U+6B81	2
3892	郏	U+90CF	2
3893	轭	U+8F6D	2
3894	郅	U+90C5	2
3895	鸢	U+9E22	2
3896	盱	U+76F1	2
3897	昊	U+660A	2
3898	昙	U+6619	2
3899	杲	U+6772	2
3900	昃	U+6603	2
3901	咂	U+5482	2
3902	呸	U+5478	2
3903	昕	U+6615	2
3904	昀	U+6600	2
3905	旻	U+65FB	2
3906	昉	U+6609	2
3907	炅	U+7085	2
3908	咔	U+5494	2
3909	畀	U+7540	2
3910	虮	U+866E	2
3911	咀	U+5480	2
3912	呷	U+5477	2
3913	黾	U+9EFE	2
3914	呱	U+5471	2
3915	呤	U+5464	2
3916	咚	U+549A	2
3917	咆	U+5486	2
3918	咛	U+549B	2
3919	呶	U+5476	2
3920	呣	U+5463	2
3921	呦	U+5466	2
3922	咝	U+549D	2
3923	岢	U+5CA2	2
3924	岿	U+5CBF	2
3925	岬	U+5CAC	2
3926	岫	U+5CAB	2
3927	帙	U+5E19	2
3928	岣	U+5CA3	2
3929	峁	U+5CC1	2
3930	刿	U+523F	2
3931	迥	U+8FE5	2
3932	岷	U+5CB7	2
3933	剀	U+5240	2
3934	帔	U+5E14	2
3935	峄	U+5CC4	2
3936	沓	U+6C93	2
3937	囹	U+56F9	2
3938	罔	U+7F54	2
3939	钍	U+948D	2
3940	钎	U+948E	2
3941	钏	U+948F	2
3942	钒	U+9492	2
3943	钕	U+9495	2
3944	钗	U+9497	2
3945	邾	U+90BE	2
3946	迮	U+8FEE	2
3947	牦	U+7266	2
3948	竺	U+7AFA	2
3949	迤	U+8FE4	2
3950	佶	U+4F76	2
3951	佬	U+4F6C	2
3952	佰	U+4F70	2
3953	侑	U+4F91	2
3954	侉	U+4F89	2
3955	臾	U+81FE	2
3956	岱	U+5CB1	2
3957	侗	U+4F97	2
3958	侃	U+4F83	2
3959	侏	U+4F8F	2
3960	侩	U+4FA9	2
3961	佻	U+4F7B	2
3962	佾	U+4F7E	2
3963	侪	U+4FAA	2
3964	佼	U+4F7C	2
3965	佯	U+4F6F	2
3966	侬	U+4FAC	2
3967	帛	U+5E1B	2
3968	阜	U+961C	2
3969	侔	U+4F94	2
3970	徂	U+5F82	2
3971	刽	U+523D	2
3972	郄	U+90C4	2
3973	怂	U+6002	2
3974	籴	U+7C74	2
3975	瓮	U+74EE	2
3976	戗	U+6217	2
3977	肼	U+80BC	2
3978	䏝	U+43DD	2
3979	肽	U+80BD	2
3980	肱	U+80B1	2
3981	肫	U+80AB	2
3982	剁	U+5241	2
3983	迩	U+8FE9	2
3984	郇	U+90C7	2
3985	狙	U+72D9	2
3986	狎	U+72CE	2
3987	狍	U+72CD	2
3988	狒	U+72D2	2
3989	咎	U+548E	2
3990	炙	U+7099	2
3991	枭	U+67AD	2
3992	饯	U+996F	2
3993	饴	U+9974	2
3994	冽	U+51BD	2
3995	冼	U+51BC	2
3996	庖	U+5E96	2
3997	疠	U+75A0	2
3998	疝	U+759D	2
3999	疡	U+75A1	2
4000	兖	U+5156	2
4001	妾	U+59BE	2
4002	劾	U+52BE	2
4003	炜	U+709C	2
4004	𬉼	U+2C27C	2
4005	炖	U+7096	2
4006	炘	U+7098	2
4007	炝	U+709D	2
4008	炔	U+7094	2
4009	泔	U+6CD4	2
4010	沭	U+6CAD	2
4011	泷	U+6CF7	2
4012	泸	U+6CF8	2
4013	泱	U+6CF1	2
4014	泅	U+6CC5	2
4015	泗	U+6CD7	2
4016	泠	U+6CE0	2
4017	泺	U+6CFA	2
4018	泖	U+6CD6	2
4019	泫	U+6CEB	2
4020	泮	U+6CEE	2
4021	沱	U+6CB1	2
4022	泯	U+6CEF	2
4023	泓	U+6CD3	2
4024	泾	U+6CFE	2
4025	怙	U+6019	2
4026	怵	U+6035	2
4027	怦	U+6026	2
4028	怛	U+601B	2
4029	怏	U+600F	2
4030	怍	U+600D	2
4031	㤘	U+3918	2
4032	怩	U+6029	2
4033	怫	U+602B	2
4034	怿	U+603F	2
4035	宕	U+5B95	2
4036	穹	U+7A79	2
4037	宓	U+5B93	2
4038	诓	U+8BD3	2
4039	诔	U+8BD4	2
4040	诖	U+8BD6	2
4041	诘	U+8BD8	2
4042	戾	U+623E	2
4043	诙	U+8BD9	2
4044	戽	U+623D	2
4045	郓	U+90D3	2
4046	衩	U+8869	2
4047	祆	U+7946	2
4048	祎	U+794E	2
4049	祉	U+7949	2
4050	祇	U+7947	2
4051	诛	U+8BDB	2
4052	诜	U+8BDC	2
4053	诟	U+8BDF	2
4054	诠	U+8BE0	2
4055	诣	U+8BE3	2
4056	诤	U+8BE4	2
4057	诧	U+8BE7	2
4058	诨	U+8BE8	2
4059	诩	U+8BE9	2
4060	戕	U+6215	2
4061	孢	U+5B62	2
4062	亟	U+4E9F	2
4063	陔	U+9654	2
4064	妲	U+59B2	2
4065	妯	U+59AF	2
4066	姗	U+59D7	2
4067	帑	U+5E11	2
4068	弩	U+5F29	2
4069	孥	U+5B65	2
4070	驽	U+9A7D	2
4071	虱	U+8671	2
4072	迦	U+8FE6	2
4073	迨	U+8FE8	2
4074	绀	U+7EC0	2
4075	绁	U+7EC1	2
4076	绂	U+7EC2	2
4077	驷	U+9A77	2
4078	驸	U+9A78	2
4079	绉	U+7EC9	2
4080	绌	U+7ECC	2
4081	驿	U+9A7F	2
4082	骀	U+9A80	2
4083	甾	U+753E	2
4084	珏	U+73CF	2
4085	珐	U+73D0	2
4086	珂	U+73C2	2
4087	珑	U+73D1	2
4088	玳	U+73B3	2
4089	珀	U+73C0	2
4090	顸	U+9878	2
4091	珉	U+73C9	2
4092	珈	U+73C8	2
4093	拮	U+62EE	2
4094	垭	U+57AD	2
4095	挝	U+631D	2
4096	垣	U+57A3	2
4097	挞	U+631E	2
4098	垤	U+57A4	2
4099	赳	U+8D73	2
4100	贲	U+8D32	2
4101	垱	U+57B1	2
4102	垌	U+578C	2
4103	郝	U+90DD	2
4104	垧	U+57A7	2
4105	垓	U+5793	2
4106	挦	U+6326	2
4107	垠	U+57A0	2
4108	茜	U+831C	2
4109	荚	U+835A	2
4110	荑	U+8351	2
4111	贳	U+8D33	2
4112	荜	U+835C	2
4113	莒	U+8392	2
4114	茼	U+833C	2
4115	茴	U+8334	2
4116	茱	U+8331	2
4117	莛	U+839B	2
4118	荞	U+835E	2
4119	茯	U+832F	2
4120	荏	U+834F	2
4121	荇	U+8347	2
4122	荃	U+8343	2
4123	荟	U+835F	2
4124	荀	U+8340	2
4125	茗	U+8317	2
4126	荠	U+8360	2
4127	茭	U+832D	2
4128	茨	U+8328	2
4129	垩	U+57A9	2
4130	荥	U+8365	2
4131	荦	U+8366	2
4132	荨	U+8368	2
4133	荩	U+8369	2
4134	剋	U+524B	2
4135	荪	U+836A	2
4136	茹	U+8339	2
4137	荬	U+836C	2
4138	荮	U+836E	2
4139	柰	U+67F0	2
4140	栉	U+6809	2
4141	柯	U+67EF	2
4142	柘	U+67D8	2
4143	栊	U+680A	2
4144	柩	U+67E9	2
4145	枰	U+67B0	2
4146	栌	U+680C	2
4147	柙	U+67D9	2
4148	枵	U+67B5	2
4149	柚	U+67DA	2
4150	枳	U+67B3	2
4151	柞	U+67DE	2
4152	柝	U+67DD	2
4153	栀	U+6800	2
4154	柢	U+67E2	2
4155	栎	U+680E	2
4156	枸	U+67B8	2
4157	柈	U+67C8	2
4158	柁	U+67C1	2
4159	枷	U+67B7	2
4160	柽	U+67FD	2
4161	剌	U+524C	2
4162	酊	U+914A	2
4163	郦	U+90E6	2
4164	甭	U+752D	2
4165	砗	U+7817	2
4166	砘	U+7818	2
4167	砒	U+7812	2
4168	斫	U+65AB	2
4169	砭	U+782D	2
4170	砜	U+781C	2
4171	奎	U+594E	2
4172	耷	U+8037	2
4173	虺	U+867A	2
4174	殂	U+6B82	2
4175	殇	U+6B87	2
4176	殄	U+6B84	2
4177	殆	U+6B86	2
4178	轱	U+8F71	2
4179	轲	U+8F72	2
4180	轳	U+8F73	2
4181	轶	U+8F76	2
4182	轸	U+8F78	2
4183	虿	U+867F	2
4184	毖	U+6BD6	2
4185	觇	U+89C7	2
4186	尜	U+5C1C	2
4187	哐	U+54D0	2
4188	眄	U+7704	2
4189	眍	U+770D	2
4190	𠳐	U+20CD0	2
4191	郢	U+90E2	2
4192	眇	U+7707	2
4193	眊	U+770A	2
4194	眈	U+7708	2
4195	禺	U+79BA	2
4196	哂	U+54C2	2
4197	咴	U+54B4	2
4198	曷	U+66F7	2
4199	昴	U+6634	2
4200	昱	U+6631	2
4201	昵	U+6635	2
4202	咦	U+54A6	2
4203	哓	U+54D3	2
4204	哔	U+54D4	2
4205	畎	U+754E	2
4206	毗	U+6BD7	2
4207	呲	U+5472	2
4208	胄	U+80C4	2
4209	畋	U+754B	2
4210	畈	U+7548	2
4211	虼	U+867C	2
4212	虻	U+867B	2
4213	盅	U+76C5	2
4214	咣	U+54A3	2
4215	哕	U+54D5	2
4216	剐	U+5250	2
4217	郧	U+90E7	2
4218	咻	U+54BB	2
4219	囿	U+56FF	2
4220	咿	U+54BF	2
4221	哌	U+54CC	2
4222	哙	U+54D9	2
4223	哚	U+54DA	2
4224	咯	U+54AF	2
4225	咩	U+54A9	2
4226	咤	U+54A4	2
4227	哝	U+54DD	2
4228	哏	U+54CF	2
4229	哞	U+54DE	2
4230	峙	U+5CD9	2
4231	峣	U+5CE3	2
4232	罘	U+7F58	2
4233	帧	U+5E27	2
4234	峒	U+5CD2	2
4235	峤	U+5CE4	2
4236	峋	U+5CCB	2
4237	峥	U+5CE5	2
4238	贶	U+8D36	2
4239	钚	U+949A	2
4240	钛	U+949B	2
4241	钡	U+94A1	2
4242	钣	U+94A3	2
4243	钤	U+94A4	2
4244	钨	U+94A8	2
4245	钫	U+94AB	2
4246	钯	U+94AF	2
4247	氡	U+6C21	2
4248	氟	U+6C1F	2
4249	牯	U+726F	2
4250	郜	U+90DC	2
4251	秕	U+79D5	2
4252	秭	U+79ED	2
4253	竽	U+7AFD	2
4254	笈	U+7B08	2
4255	笃	U+7B03	2
4256	俦	U+4FE6	2
4257	俨	U+4FE8	2
4258	俅	U+4FC5	2
4259	俪	U+4FEA	2
4260	叟	U+53DF	2
4261	垡	U+57A1	2
4262	牮	U+726E	2
4263	俣	U+4FE3	2
4264	俚	U+4FDA	2
4265	皈	U+7688	2
4266	俑	U+4FD1	2
4267	俟	U+4FDF	2
4268	逅	U+9005	2
4269	徇	U+5F87	2
4270	徉	U+5F89	2
4271	舢	U+8222	2
4272	俞	U+4FDE	2
4273	郗	U+90D7	2
4274	俎	U+4FCE	2
4275	郤	U+90E4	2
4276	爰	U+7230	2
4277	郛	U+90DB	2
4278	瓴	U+74F4	2
4279	胨	U+80E8	2
4280	胪	U+80EA	2
4281	胛	U+80DB	2
4282	胂	U+80C2	2
4283	胙	U+80D9	2
4284	胍	U+80CD	2
4285	胗	U+80D7	2
4286	胝	U+80DD	2
4287	朐	U+6710	2
4288	胫	U+80EB	2
4289	鸨	U+9E28	2
4290	匍	U+530D	2
4291	狨	U+72E8	2
4292	狯	U+72EF	2
4293	飑	U+98D1	2
4294	狩	U+72E9	2
4295	狲	U+72F2	2
4296	訇	U+8A07	2
4297	逄	U+9004	2
4298	昝	U+661D	2
4299	饷	U+9977	2
4300	饸	U+9978	2
4301	饹	U+9979	2
4302	胤	U+80E4	2
4303	孪	U+5B6A	2
4304	娈	U+5A08	2
4305	弈	U+5F08	2
4306	奕	U+5955	2
4307	庥	U+5EA5	2
4308	疬	U+75AC	2
4309	疣	U+75A3	2
4310	疥	U+75A5	2
4311	疭	U+75AD	2
4312	庠	U+5EA0	2
4313	竑	U+7AD1	2
4314	彦	U+5F66	2
4315	飒	U+98D2	2
4316	闼	U+95FC	2
4317	闾	U+95FE	2
4318	闿	U+95FF	2
4319	阂	U+9602	2
4320	羑	U+7F91	2
4321	迸	U+8FF8	2
4322	籼	U+7C7C	2
4323	酋	U+914B	2
4324	炳	U+70B3	2
4325	炻	U+70BB	2
4326	炽	U+70BD	2
4327	炯	U+70AF	2
4328	烀	U+70C0	2
4329	炷	U+70B7	2
4330	烃	U+70C3	2
4331	洱	U+6D31	2
4332	洹	U+6D39	2
4333	洧	U+6D27	2
4334	洌	U+6D0C	2
4335	浃	U+6D43	2
4336	洇	U+6D07	2
4337	洄	U+6D04	2
4338	洙	U+6D19	2
4339	涎	U+6D8E	2
4340	洎	U+6D0E	2
4341	洫	U+6D2B	2
4342	浍	U+6D4D	2
4343	洮	U+6D2E	2
4344	洵	U+6D35	2
4345	浒	U+6D52	2
4346	浔	U+6D54	2
4347	浕	U+6D55	2
4348	洳	U+6D33	2
4349	恸	U+6078	2
4350	恓	U+6053	2
4351	恹	U+6079	2
4352	恫	U+606B	2
4353	恺	U+607A	2
4354	恻	U+607B	2
4355	恂	U+6042	2
4356	恪	U+606A	2
4357	恽	U+607D	2
4358	宥	U+5BA5	2
4359	扃	U+6243	2
4360	衲	U+8872	2
4361	衽	U+887D	2
4362	衿	U+887F	2
4363	袂	U+8882	2
4364	祛	U+795B	2
4365	祜	U+795C	2
4366	祓	U+7953	2
4367	祚	U+795A	2
4368	诮	U+8BEE	2
4369	祗	U+7957	2
4370	祢	U+7962	2
4371	诰	U+8BF0	2
4372	诳	U+8BF3	2
4373	鸩	U+9E29	2
4374	昶	U+6636	2
4375	郡	U+90E1	2
4376	咫	U+54AB	2
4377	弭	U+5F2D	2
4378	牁	U+7241	2
4379	胥	U+80E5	2
4380	陛	U+965B	2
4381	陟	U+965F	2
4382	娅	U+5A05	2
4383	姮	U+59EE	2
4384	娆	U+5A06	2
4385	姝	U+59DD	2
4386	姣	U+59E3	2
4387	姘	U+59D8	2
4388	姹	U+59F9	2
4389	怼	U+603C	2
4390	羿	U+7FBF	2
4391	炱	U+70B1	2
4392	矜	U+77DC	2
4393	绔	U+7ED4	2
4394	骁	U+9A81	2
4395	骅	U+9A85	2
4396	绗	U+7ED7	2
4397	绛	U+7EDB	2
4398	骈	U+9A88	2
4399	耖	U+8016	2
4400	挈	U+6308	2
4401	珥	U+73E5	2
4402	珙	U+73D9	2
4403	顼	U+987C	2
4404	珰	U+73F0	2
4405	珩	U+73E9	2
4406	珧	U+73E7	2
4407	珣	U+73E3	2
4408	珞	U+73DE	2
4409	琤	U+7424	2
4410	珲	U+73F2	2
4411	敖	U+6556	2
4412	恚	U+605A	2
4413	埔	U+57D4	2
4414	埕	U+57D5	2
4415	埘	U+57D8	2
4416	埙	U+57D9	2
4417	埚	U+57DA	2
4418	挹	U+6339	2
4419	耆	U+8006	2
4420	耄	U+8004	2
4421	埒	U+57D2	2
4422	捋	U+634B	2
4423	贽	U+8D3D	2
4424	垸	U+57B8	2
4425	捃	U+6343	2
4426	盍	U+76CD	2
4427	荸	U+8378	2
4428	莆	U+8386	2
4429	莳	U+83B3	2
4430	莴	U+83B4	2
4431	莪	U+83AA	2
4432	莠	U+83A0	2
4433	莓	U+8393	2
4434	莜	U+839C	2
4435	莅	U+8385	2
4436	荼	U+837C	2
4437	莩	U+83A9	2
4438	荽	U+837D	2
4439	莸	U+83B8	2
4440	荻	U+837B	2
4441	莘	U+8398	2
4442	莎	U+838E	2
4443	莞	U+839E	2
4444	莨	U+83A8	2
4445	鸪	U+9E2A	2
4446	莼	U+83BC	2
4447	栲	U+6832	2
4448	栳	U+6833	2
4449	郴	U+90F4	2
4450	桓	U+6853	2
4451	桡	U+6861	2
4452	桎	U+684E	2
4453	桢	U+6862	2
4454	桤	U+6864	2
4455	梃	U+6883	2
4456	栝	U+681D	2
4457	桕	U+6855	2
4458	桁	U+6841	2
4459	桧	U+6867	2
4460	桅	U+6845	2
4461	栟	U+681F	2
4462	桉	U+6849	2
4463	栩	U+6829	2
4464	逑	U+9011	2
4465	逋	U+900B	2
4466	彧	U+5F67	2
4467	鬲	U+9B32	2
4468	豇	U+8C47	2
4469	酐	U+9150	2
4470	逦	U+9026	2
4471	厝	U+539D	2
4472	孬	U+5B6C	2
4473	砝	U+781D	2
4474	砹	U+7839	2
4475	砺	U+783A	2
4476	砧	U+7827	2
4477	砷	U+7837	2
4478	砟	U+781F	2
4479	砼	U+783C	2
4480	砥	U+7825	2
4481	砣	U+7823	2
4482	剞	U+525E	2
4483	砻	U+783B	2
4484	轼	U+8F7C	2
4485	轾	U+8F7E	2
4486	辂	U+8F82	2
4487	鸫	U+9E2B	2
4488	趸	U+8DB8	2
4489	龀	U+9F80	2
4490	鸬	U+9E2C	2
4491	虔	U+8654	2
4492	逍	U+900D	2
4493	眬	U+772C	2
4494	唛	U+551B	2
4495	晟	U+665F	2
4496	眩	U+7729	2
4497	眙	U+7719	2
4498	哧	U+54E7	2
4499	哽	U+54FD	2
4500	唔	U+5514	2
4501	晁	U+6641	2
4502	晏	U+664F	2
4503	鸮	U+9E2E	2
4504	趵	U+8DB5	2
4505	趿	U+8DBF	2
4506	畛	U+755B	2
4507	蚨	U+86A8	2
4508	蚜	U+869C	2
4509	蚍	U+868D	2
4510	蚋	U+868B	2
4511	蚬	U+86AC	2
4512	蚝	U+869D	2
4513	蚧	U+86A7	2
4514	唢	U+5522	2
4515	圄	U+5704	2
4516	唣	U+5523	2
4517	唏	U+550F	2
4518	盎	U+76CE	2
4519	唑	U+5511	2
4520	崂	U+5D02	2
4521	崃	U+5D03	2
4522	罡	U+7F61	2
4523	罟	U+7F5F	2
4524	峪	U+5CEA	2
4525	觊	U+89CA	2
4526	赅	U+8D45	2
4527	钰	U+94B0	2
4528	钲	U+94B2	2
4529	钴	U+94B4	2
4530	钵	U+94B5	2
4531	钹	U+94B9	2
4532	钺	U+94BA	2
4533	钽	U+94BD	2
4534	钼	U+94BC	2
4535	钿	U+94BF	2
4536	铀	U+94C0	2
4537	铂	U+94C2	2
4538	铄	U+94C4	2
4539	铆	U+94C6	2
4540	铈	U+94C8	2
4541	铉	U+94C9	2
4542	铊	U+94CA	2
4543	铋	U+94CB	2
4544	铌	U+94CC	2
4545	铍	U+94CD	2
4546	䥽	U+497D	2
4547	铎	U+94CE	2
4548	氩	U+6C29	2
4549	氤	U+6C24	2
4550	氦	U+6C26	2
4551	毪	U+6BEA	2
4552	舐	U+8210	2
4553	秣	U+79E3	2
4554	秫	U+79EB	2
4555	盉	U+76C9	2
4556	笄	U+7B04	2
4557	笕	U+7B15	2
4558	笊	U+7B0A	2
4559	笏	U+7B0F	2
4560	笆	U+7B06	2
4561	俸	U+4FF8	2
4562	倩	U+5029	2
4563	俵	U+4FF5	2
4564	偌	U+504C	2
4565	俳	U+4FF3	2
4566	俶	U+4FF6	2
4567	倬	U+502C	2
4568	倏	U+500F	2
4569	恁	U+6041	2
4570	倭	U+502D	2
4571	倪	U+502A	2
4572	俾	U+4FFE	2
4573	倜	U+501C	2
4574	隼	U+96BC	2
4575	隽	U+96BD	2
4576	倌	U+500C	2
4577	倥	U+5025	2
4578	臬	U+81EC	2
4579	皋	U+768B	2
4580	郫	U+90EB	2
4581	倨	U+5028	2
4582	衄	U+8844	2
4583	颀	U+9880	2
4584	徕	U+5F95	2
4585	舫	U+822B	2
4586	釜	U+91DC	2
4587	奚	U+595A	2
4588	衾	U+887E	2
4589	胯	U+80EF	2
4590	胱	U+80F1	2
4591	胴	U+80F4	2
4592	胭	U+80ED	2
4593	脍	U+810D	2
4594	胼	U+80FC	2
4595	朕	U+6715	2
4596	脒	U+8112	2
4597	胺	U+80FA	2
4598	鸱	U+9E31	2
4599	玺	U+73BA	2
4600	鸲	U+9E32	2
4601	狷	U+72F7	2
4602	猁	U+7301	2
4603	狳	U+72F3	2
4604	猃	U+7303	2
4605	狺	U+72FA	2
4606	逖	U+9016	2
4607	桀	U+6840	2
4608	袅	U+8885	2
4609	饽	U+997D	2
4610	凇	U+51C7	2
4611	栾	U+683E	2
4612	挛	U+631B	2
4613	亳	U+4EB3	2
4614	疳	U+75B3	2
4615	疴	U+75B4	2
4616	疸	U+75B8	2
4617	疽	U+75BD	2
4618	痈	U+75C8	2
4619	疱	U+75B1	2
4620	痂	U+75C2	2
4621	痉	U+75C9	2
4622	衮	U+886E	2
4623	凋	U+51CB	2
4624	颃	U+9883	2
4625	恣	U+6063	2
4626	旆	U+65C6	2
4627	旄	U+65C4	2
4628	旃	U+65C3	2
4629	阃	U+9603	2
4630	阄	U+9604	2
4631	訚	U+8A1A	2
4632	阆	U+9606	2
4633	恙	U+6059	2
4634	粑	U+7C91	2
4635	朔	U+6714	2
4636	郸	U+90F8	2
4637	烜	U+70DC	2
4638	烨	U+70E8	2
4639	烩	U+70E9	2
4640	烊	U+70CA	2
4641	剡	U+5261	2
4642	郯	U+90EF	2
4643	烬	U+70EC	2
4644	涑	U+6D91	2
4645	浯	U+6D6F	2
4646	涞	U+6D9E	2
4647	涟	U+6D9F	2
4648	娑	U+5A11	2
4649	涅	U+6D85	2
4650	涠	U+6DA0	2
4651	浞	U+6D5E	2
4652	涓	U+6D93	2
4653	浥	U+6D65	2
4654	涔	U+6D94	2
4655	浜	U+6D5C	2
4656	浠	U+6D60	2
4657	浣	U+6D63	2
4658	浚	U+6D5A	2
4659	悚	U+609A	2
4660	悭	U+60AD	2
4661	悝	U+609D	2
4662	悒	U+6092	2
4663	悌	U+608C	2
4664	悛	U+609B	2
4665	宸	U+5BB8	2
4666	窈	U+7A88	2
4667	剜	U+525C	2
4668	诹	U+8BF9	2
4669	冢	U+51A2	2
4670	诼	U+8BFC	2
4671	袒	U+8892	2
4672	袢	U+88A2	2
4673	祯	U+796F	2
4674	诿	U+8BFF	2
4675	谀	U+8C00	2
4676	谂	U+8C02	2
4677	谄	U+8C04	2
4678	谇	U+8C07	2
4679	屐	U+5C50	2
4680	屙	U+5C59	2
4681	陬	U+966C	2
4682	勐	U+52D0	2
4683	奘	U+5958	2
4684	牂	U+7242	2
4685	蚩	U+86A9	2
4686	陲	U+9672	2
4687	姬	U+59EC	2
4688	娠	U+5A20	2
4689	娌	U+5A0C	2
4690	娉	U+5A09	2
4691	娲	U+5A32	2
4692	娩	U+5A29	2
4693	娴	U+5A34	2
4694	娣	U+5A23	2
4695	娓	U+5A13	2
4696	婀	U+5A40	2
4697	畚	U+755A	2
4698	逡	U+9021	2
4699	绠	U+7EE0	2
4700	骊	U+9A8A	2
4701	绡	U+7EE1	2
4702	骋	U+9A8B	2
4703	绥	U+7EE5	2
4704	绦	U+7EE6	2
4705	绨	U+7EE8	2
4706	骎	U+9A8E	2
4707	邕	U+9095	2
4708	鸶	U+9E36	2
4709	彗	U+5F57	2
4710	耜	U+801C	2
4711	焘	U+7118	2
4712	舂	U+8202	2
4713	琏	U+740F	2
4714	琇	U+7407	2
4715	麸	U+9EB8	2
4716	揶	U+63F6	2
4717	埴	U+57F4	2
4718	埯	U+57EF	2
4719	捯	U+636F	2
4720	掳	U+63B3	2
4721	掴	U+63B4	2
4722	埸	U+57F8	2
4723	埵	U+57F5	2
4724	赧	U+8D67	2
4725	埤	U+57E4	2
4726	捭	U+636D	2
4727	逵	U+9035	2
4728	埝	U+57DD	2
4729	堋	U+580B	2
4730	堍	U+580D	2
4731	掬	U+63AC	2
4732	鸷	U+9E37	2
4733	掖	U+6396	2
4734	捽	U+637D	2
4735	掊	U+638A	2
4736	堉	U+5809	2
4737	掸	U+63B8	2
4738	捩	U+6369	2
4739	掮	U+63AE	2
4740	悫	U+60AB	2
4741	埭	U+57ED	2
4742	埽	U+57FD	2
4743	掇	U+6387	2
4744	掼	U+63BC	2
4745	聃	U+8043	2
4746	菁	U+83C1	2
4747	萁	U+8401	2
4748	菘	U+83D8	2
4749	堇	U+5807	2
4750	萘	U+8418	2
4751	萋	U+840B	2
4752	菽	U+83FD	2
4753	菖	U+83D6	2
4754	萜	U+841C	2
4755	萸	U+8438	2
4756	萑	U+8411	2
4757	棻	U+68FB	2
4758	菔	U+83D4	2
4759	菟	U+83DF	2
4760	萏	U+840F	2
4761	萃	U+8403	2
4762	菏	U+83CF	2
4763	菹	U+83F9	2
4764	菪	U+83EA	2
4765	菅	U+83C5	2
4766	菀	U+83C0	2
4767	萦	U+8426	2
4768	菰	U+83F0	2
4769	菡	U+83E1	2
4770	梵	U+68B5	2
4771	梿	U+68BF	2
4772	梏	U+688F	2
4773	觋	U+89CB	2
4774	桴	U+6874	2
4775	桷	U+6877	2
4776	梓	U+6893	2
4777	棁	U+68C1	2
4778	桫	U+686B	2
4779	棂	U+68C2	2
4780	啬	U+556C	2
4781	郾	U+90FE	2
4782	匮	U+532E	2
4783	敕	U+6555	2
4784	豉	U+8C49	2
4785	鄄	U+9104	2
4786	酞	U+915E	2
4787	酚	U+915A	2
4788	戛	U+621B	2
4789	硎	U+784E	2
4790	硭	U+786D	2
4791	硒	U+7852	2
4792	硖	U+7856	2
4793	硗	U+7857	2
4794	硐	U+7850	2
4795	硇	U+7847	2
4796	硌	U+784C	2
4797	鸸	U+9E38	2
4798	瓠	U+74E0	2
4799	匏	U+530F	2
4800	厩	U+53A9	2
4801	龚	U+9F9A	2
4802	殒	U+6B92	2
4803	殓	U+6B93	2
4804	殍	U+6B8D	2
4805	赉	U+8D49	2
4806	雩	U+96E9	2
4807	辄	U+8F84	2
4808	堑	U+5811	2
4809	眭	U+772D	2
4810	眦	U+7726	2
4811	啧	U+5567	2
4812	晡	U+6661	2
4813	晤	U+6664	2
4814	眺	U+773A	2
4815	眵	U+7735	2
4816	眸	U+7738	2
4817	圊	U+570A	2
4818	喏	U+558F	2
4819	喵	U+55B5	2
4820	啉	U+5549	2
4821	勖	U+52D6	2
4822	晞	U+665E	2
4823	唵	U+5535	2
4824	晗	U+6657	2
4825	冕	U+5195	2
4826	啭	U+556D	2
4827	畦	U+7566	2
4828	趺	U+8DBA	2
4829	啮	U+556E	2
4830	跄	U+8DC4	2
4831	蚶	U+86B6	2
4832	蛄	U+86C4	2
4833	蛎	U+86CE	2
4834	蛆	U+86C6	2
4835	蚰	U+86B0	2
4836	蛊	U+86CA	2
4837	圉	U+5709	2
4838	蚱	U+86B1	2
4839	蛉	U+86C9	2
4840	蛏	U+86CF	2
4841	蚴	U+86B4	2
4842	啁	U+5541	2
4843	啕	U+5555	2
4844	唿	U+553F	2
4845	啐	U+5550	2
4846	唼	U+553C	2
4847	唷	U+5537	2
4848	啖	U+5556	2
4849	啵	U+5575	2
4850	啶	U+5576	2
4851	啷	U+5577	2
4852	唳	U+5533	2
4853	唰	U+5530	2
4854	啜	U+555C	2
4855	帻	U+5E3B	2
4856	崚	U+5D1A	2
4857	崦	U+5D26	2
4858	帼	U+5E3C	2
4859	崮	U+5D2E	2
4860	崤	U+5D24	2
4861	崆	U+5D06	2
4862	赇	U+8D47	2
4863	赈	U+8D48	2
4864	赊	U+8D4A	2
4865	铑	U+94D1	2
4866	铒	U+94D2	2
4867	铗	U+94D7	2
4868	铙	U+94D9	2
4869	铟	U+94DF	2
4870	铠	U+94E0	2
4871	铡	U+94E1	2
4872	铢	U+94E2	2
4873	铣	U+94E3	2
4874	铤	U+94E4	2
4875	铧	U+94E7	2
4876	铨	U+94E8	2
4877	铩	U+94E9	2
4878	铪	U+94EA	2
4879	铫	U+94EB	2
4880	铬	U+94EC	2
4881	铮	U+94EE	2
4882	铯	U+94EF	2
4883	铰	U+94F0	2
4884	铱	U+94F1	2
4885	铳	U+94F3	2
4886	铵	U+94F5	2
4887	铷	U+94F7	2
4888	氪	U+6C2A	2
4889	牾	U+727E	2
4890	鸹	U+9E39	2
4891	秾	U+79FE	2
4892	逶	U+9036	2
4893	笺	U+7B3A	2
4894	筇	U+7B47	2
4895	笸	U+7B38	2
4896	笪	U+7B2A	2
4897	笮	U+7B2E	2
4898	笠	U+7B20	2
4899	笥	U+7B25	2
4900	笤	U+7B24	2
4901	笳	U+7B33	2
4902	笾	U+7B3E	2
4903	笞	U+7B1E	2
4904	偾	U+507E	2
4905	偃	U+5043	2
4906	偕	U+5055	2
4907	偈	U+5048	2
4908	傀	U+5080	2
4909	偬	U+506C	2
4910	偻	U+507B	2
4911	皑	U+7691	2
4912	皎	U+768E	2
4913	鸻	U+9E3B	2
4914	徜	U+5F9C	2
4915	舸	U+8238	2
4916	舻	U+823B	2
4917	舴	U+8234	2
4918	舷	U+8237	2
4919	龛	U+9F9B	2
4920	翎	U+7FCE	2
4921	脬	U+812C	2
4922	脘	U+8118	2
4923	脲	U+8132	2
4924	匐	U+5310	2
4925	猗	U+7317	2
4926	猡	U+7321	2
4927	猞	U+731E	2
4928	猝	U+731D	2
4929	斛	U+659B	2
4930	猕	U+7315	2
4931	馗	U+9997	2
4932	馃	U+9983	2
4933	馄	U+9984	2
4934	鸾	U+9E3E	2
4935	孰	U+5B70	2
4936	庹	U+5EB9	2
4937	庾	U+5EBE	2
4938	痔	U+75D4	2
4939	痍	U+75CD	2
4940	疵	U+75B5	2
4941	翊	U+7FCA	2
4942	旌	U+65CC	2
4943	旎	U+65CE	2
4944	袤	U+88A4	2
4945	阇	U+9607	2
4946	阈	U+9608	2
4947	阉	U+9609	2
4948	阊	U+960A	2
4949	阋	U+960B	2
4950	阍	U+960D	2
4951	阏	U+960F	2
4952	羟	U+7F9F	2
4953	粝	U+7C9D	2
4954	粕	U+7C95	2
4955	敝	U+655D	2
4956	焐	U+7110	2
4957	烯	U+70EF	2
4958	焓	U+7113	2
4959	烽	U+70FD	2
4960	焖	U+7116	2
4961	烷	U+70F7	2
4962	焗	U+7117	2
4963	渍	U+6E0D	2
4964	渚	U+6E1A	2
4965	淇	U+6DC7	2
4966	淅	U+6DC5	2
4967	淞	U+6DDE	2
4968	渎	U+6E0E	2
4969	涿	U+6DBF	2
4970	淖	U+6DD6	2
4971	挲	U+6332	2
4972	淠	U+6DE0	2
4973	涸	U+6DB8	2
4974	渑	U+6E11	2
4975	淦	U+6DE6	2
4976	淝	U+6DDD	2
4977	淬	U+6DEC	2
4978	涪	U+6DAA	2
4979	淙	U+6DD9	2
4980	涫	U+6DAB	2
4981	渌	U+6E0C	2
4982	淄	U+6DC4	2
4983	惬	U+60EC	2
4984	悻	U+60BB	2
4985	悱	U+60B1	2
4986	惝	U+60DD	2
4987	惘	U+60D8	2
4988	悸	U+60B8	2
4989	惆	U+60C6	2
4990	惚	U+60DA	2
4991	惇	U+60C7	2
4992	惮	U+60EE	2
4993	窕	U+7A95	2
4994	谌	U+8C0C	2
4995	谏	U+8C0F	2
4996	扈	U+6248	2
4997	皲	U+76B2	2
4998	谑	U+8C11	2
4999	裆	U+88C6	2
5000	袷	U+88B7	2
5001	裉	U+88C9	2
5002	谒	U+8C12	2
5003	谔	U+8C14	2
5004	谕	U+8C15	2
5005	谖	U+8C16	2
5006	谗	U+8C17	2
5007	谙	U+8C19	2
5008	谛	U+8C1B	2
5009	谝	U+8C1D	2
5010	逯	U+902F	2
5011	郿	U+90FF	2
5012	隈	U+9688	2
5013	粜	U+7C9C	2
5014	隍	U+968D	2
5015	隗	U+9697	2
5016	婧	U+5A67	2
5017	婊	U+5A4A	2
5018	婕	U+5A55	2
5019	娼	U+5A3C	2
5020	婢	U+5A62	2
5021	婵	U+5A75	2
5022	胬	U+80EC	2
5023	袈	U+8888	2
5024	翌	U+7FCC	2
5025	恿	U+607F	2
5026	欸	U+6B38	2
5027	绫	U+7EEB	2
5028	骐	U+9A90	2
5029	绮	U+7EEE	2
5030	绯	U+7EEF	2
5031	绱	U+7EF1	2
5032	骒	U+9A92	2
5033	绲	U+7EF2	2
5034	骓	U+9A93	2
5035	绶	U+7EF6	2
5036	绺	U+7EFA	2
5037	绻	U+7EFB	2
5038	绾	U+7EFE	2
5039	骖	U+9A96	2
5040	缁	U+7F01	2
5041	耠	U+8020	2
5042	琫	U+742B	2
5043	琵	U+7435	2
5044	琶	U+7436	2
5045	琪	U+742A	2
5046	瑛	U+745B	2
5047	琦	U+7426	2
5048	琥	U+7425	2
5049	琨	U+7428	2
5050	靓	U+9753	2
5051	琰	U+7430	2
5052	琮	U+742E	2
5053	琯	U+742F	2
5054	琬	U+742C	2
5055	琛	U+741B	2
5056	琚	U+741A	2
5057	辇	U+8F87	2
5058	鼋	U+9F0B	2
5059	揳	U+63F3	2
5060	堞	U+581E	2
5061	搽	U+643D	2
5062	揸	U+63F8	2
5063	揠	U+63E0	2
5064	堙	U+5819	2
5065	趄	U+8D84	2
5066	揖	U+63D6	2
5067	颉	U+9889	2
5068	塄	U+5844	2
5069	揿	U+63FF	2
5070	耋	U+800B	2
5071	揄	U+63C4	2
5072	蛩	U+86E9	2
5073	蛰	U+86F0	2
5074	塆	U+5846	2
5075	摒	U+6452	2
5076	揆	U+63C6	2
5077	掾	U+63BE	2
5078	聒	U+8052	2
5079	葑	U+8451	2
5080	葚	U+845A	2
5081	靰	U+9770	2
5082	靸	U+9778	2
5083	葳	U+8473	2
5084	葺	U+847A	2
5085	葸	U+8478	2
5086	萼	U+843C	2
5087	葆	U+8446	2
5088	葩	U+8469	2
5089	葶	U+8476	2
5090	蒌	U+848C	2
5091	萱	U+8431	2
5092	戟	U+621F	2
5093	葭	U+846D	2
5094	楮	U+696E	2
5095	棼	U+68FC	2
5096	椟	U+691F	2
5097	棹	U+68F9	2
5098	椤	U+6924	2
5099	棰	U+68F0	2
5100	赍	U+8D4D	2
5101	椋	U+690B	2
5102	椁	U+6901	2
5103	椪	U+692A	2
5104	棣	U+68E3	2
5105	椐	U+6910	2
5106	鹁	U+9E41	2
5107	覃	U+8983	2
5108	酤	U+9164	2
5109	酢	U+9162	2
5110	酡	U+9161	2
5111	鹂	U+9E42	2
5112	厥	U+53A5	2
5113	殚	U+6B9A	2
5114	殛	U+6B9B	2
5115	雯	U+96EF	2
5116	雱	U+96F1	2
5117	辊	U+8F8A	2
5118	辋	U+8F8B	2
5119	椠	U+6920	2
5120	辍	U+8F8D	2
5121	辎	U+8F8E	2
5122	斐	U+6590	2
5123	睄	U+7744	2
5124	睑	U+7751	2
5125	睇	U+7747	2
5126	睃	U+7743	2
5127	戢	U+6222	2
5128	喋	U+558B	2
5129	嗒	U+55D2	2
5130	喃	U+5583	2
5131	喱	U+55B1	2
5132	喹	U+55B9	2
5133	晷	U+6677	2
5134	喈	U+5588	2
5135	跖	U+8DD6	2
5136	跗	U+8DD7	2
5137	跞	U+8DDE	2
5138	跚	U+8DDA	2
5139	跎	U+8DCE	2
5140	跏	U+8DCF	2
5141	跆	U+8DC6	2
5142	蛱	U+86F1	2
5143	蛲	U+86F2	2
5144	蛭	U+86ED	2
5145	蛳	U+86F3	2
5146	蛐	U+86D0	2
5147	蛔	U+86D4	2
5148	蛞	U+86DE	2
5149	蛴	U+86F4	2
5150	蛟	U+86DF	2
5151	蛘	U+86D8	2
5152	喁	U+5581	2
5153	喟	U+559F	2
5154	啾	U+557E	2
5155	嗖	U+55D6	2
5156	喑	U+5591	2
5157	嗟	U+55DF	2
5158	喽	U+55BD	2
5159	嗞	U+55DE	2
5160	喀	U+5580	2
5161	喔	U+5594	2
5162	喙	U+5599	2
5163	嵘	U+5D58	2
5164	嵖	U+5D56	2
5165	崴	U+5D34	2
5166	遄	U+9044	2
5167	詈	U+8A48	2
5168	嵎	U+5D4E	2
5169	崽	U+5D3D	2
5170	嵬	U+5D6C	2
5171	嵛	U+5D5B	2
5172	嵯	U+5D6F	2
5173	嵝	U+5D5D	2
5174	嵫	U+5D6B	2
5175	幄	U+5E44	2
5176	嵋	U+5D4B	2
5177	赕	U+8D55	2
5178	铻	U+94FB	2
5179	铼	U+94FC	2
5180	铿	U+94FF	2
5181	锃	U+9503	2
5182	锂	U+9502	2
5183	锆	U+9506	2
5184	锇	U+9507	2
5185	锉	U+9509	2
5186	锏	U+950F	2
5187	锑	U+9511	2
5188	锒	U+9512	2
5189	锔	U+9514	2
5190	锕	U+9515	2
5191	掣	U+63A3	2
5192	矬	U+77EC	2
5193	氰	U+6C30	2
5194	毳	U+6BF3	2
5195	毽	U+6BFD	2
5196	犊	U+728A	2
5197	犄	U+7284	2
5198	犋	U+728B	2
5199	鹄	U+9E44	2
5200	犍	U+728D	2
5201	嵇	U+5D47	2
5202	黍	U+9ECD	2
5203	稃	U+7A03	2
5204	稂	U+7A02	2
5205	筚	U+7B5A	2
5206	筵	U+7B75	2
5207	筌	U+7B4C	2
5208	傣	U+50A3	2
5209	傈	U+5088	2
5210	舄	U+8204	2
5211	牍	U+724D	2
5212	傥	U+50A5	2
5213	傧	U+50A7	2
5214	遑	U+9051	2
5215	傩	U+50A9	2
5216	遁	U+9041	2
5217	徨	U+5FA8	2
5218	媭	U+5AAD	2
5219	畲	U+7572	2
5220	弑	U+5F11	2
5221	颌	U+988C	2
5222	翕	U+7FD5	2
5223	釉	U+91C9	2
5224	鹆	U+9E46	2
5225	舜	U+821C	2
5226	貂	U+8C82	2
5227	腈	U+8148	2
5228	腌	U+814C	2
5229	腓	U+8153	2
5230	腆	U+8146	2
5231	腴	U+8174	2
5232	腑	U+8151	2
5233	腚	U+815A	2
5234	腱	U+8171	2
5235	鱿	U+9C7F	2
5236	鲀	U+9C80	2
5237	鲂	U+9C82	2
5238	颍	U+988D	2
5239	猢	U+7322	2
5240	猹	U+7339	2
5241	猥	U+7325	2
5242	飓	U+98D3	2
5243	觞	U+89DE	2
5244	觚	U+89DA	2
5245	猱	U+7331	2
5246	颎	U+988E	2
5247	飧	U+98E7	2
5248	馇	U+9987	2
5249	馊	U+998A	2
5250	亵	U+4EB5	2
5251	脔	U+8114	2
5252	裒	U+88D2	2
5253	痣	U+75E3	2
5254	痨	U+75E8	2
5255	痦	U+75E6	2
5256	痞	U+75DE	2
5257	痤	U+75E4	2
5258	痫	U+75EB	2
5259	痧	U+75E7	2
5260	赓	U+8D53	2
5261	竦	U+7AE6	2
5262	瓿	U+74FF	2
5263	啻	U+557B	2
5264	颏	U+988F	2
5265	鹇	U+9E47	2
5266	阑	U+9611	2
5267	阒	U+9612	2
5268	阕	U+9615	2
5269	粞	U+7C9E	2
5270	遒	U+9052	2
5271	孳	U+5B73	2
5272	焯	U+712F	2
5273	焜	U+711C	2
5274	焙	U+7119	2
5275	焱	U+7131	2
5276	鹈	U+9E48	2
5277	湛	U+6E5B	2
5278	渫	U+6E2B	2
5279	湮	U+6E6E	2
5280	湎	U+6E4E	2
5281	湜	U+6E5C	2
5282	渭	U+6E2D	2
5283	湍	U+6E4D	2
5284	湫	U+6E6B	2
5285	溲	U+6EB2	2
5286	湟	U+6E5F	2
5287	溆	U+6E86	2
5288	湲	U+6E72	2
5289	湔	U+6E54	2
5290	湉	U+6E49	2
5291	渥	U+6E25	2
5292	湄	U+6E44	2
5293	滁	U+6EC1	2
5294	愠	U+6120	2
5295	惺	U+60FA	2
5296	愦	U+6126	2
5297	惴	U+60F4	2
5298	愀	U+6100	2
5299	愎	U+610E	2
5300	愔	U+6114	2
5301	喾	U+55BE	2
5302	寐	U+5BD0	2
5303	谟	U+8C1F	2
5304	扉	U+6249	2
5305	裢	U+88E2	2
5306	裎	U+88CE	2
5307	裥	U+88E5	2
5308	祾	U+797E	2
5309	祺	U+797A	2
5310	谠	U+8C20	2
5311	幂	U+5E42	2
5312	谡	U+8C21	2
5313	谥	U+8C25	2
5314	谧	U+8C27	2
5315	遐	U+9050	2
5316	孱	U+5B71	2
5317	弼	U+5F3C	2
5318	巽	U+5DFD	2
5319	骘	U+9A98	2
5320	媪	U+5AAA	2
5321	媛	U+5A9B	2
5322	婷	U+5A77	2
5323	巯	U+5DEF	2
5324	翚	U+7FDA	2
5325	皴	U+76B4	2
5326	婺	U+5A7A	2
5327	骛	U+9A9B	2
5328	缂	U+7F02	2
5329	缃	U+7F03	2
5330	缄	U+7F04	2
5331	彘	U+5F58	2
5332	缇	U+7F07	2
5333	缈	U+7F08	2
5334	缌	U+7F0C	2
5335	缑	U+7F11	2
5336	缒	U+7F12	2
5337	缗	U+7F17	2
5338	飨	U+98E8	2
5339	耢	U+8022	2
5340	瑚	U+745A	2
5341	瑁	U+7441	2
5342	瑜	U+745C	2
5343	瑗	U+7457	2
5344	瑄	U+7444	2
5345	瑕	U+7455	2
5346	遨	U+9068	2
5347	骜	U+9A9C	2
5348	韫	U+97EB	2
5349	髡	U+9AE1	2
5350	塬	U+586C	2
5351	鄢	U+9122	2
5352	趔	U+8D94	2
5353	趑	U+8D91	2
5354	摅	U+6445	2
5355	摁	U+6441	2
5356	蜇	U+8707	2
5357	搋	U+640B	2
5358	搪	U+642A	2
5359	搐	U+6410	2
5360	搛	U+641B	2
5361	搠	U+6420	2
5362	摈	U+6448	2
5363	彀	U+5F40	2
5364	毂	U+6BC2	2
5365	搦	U+6426	2
5366	搡	U+6421	2
5367	蓁	U+84C1	2
5368	戡	U+6221	2
5369	蓍	U+84CD	2
5370	鄞	U+911E	2
5371	靳	U+9773	2
5372	蓐	U+84D0	2
5373	蓦	U+84E6	2
5374	鹋	U+9E4B	2
5375	蒽	U+84BD	2
5376	蓓	U+84D3	2
5377	蓖	U+84D6	2
5378	蓊	U+84CA	2
5379	蒯	U+84AF	2
5380	蓟	U+84DF	2
5381	蓑	U+84D1	2
5382	蒿	U+84BF	2
5383	蒺	U+84BA	2
5384	蓠	U+84E0	2
5385	蒟	U+849F	2
5386	蒡	U+84A1	2
5387	蒹	U+84B9	2
5388	蒴	U+84B4	2
5389	蒗	U+8497	2
5390	蓥	U+84E5	2
5391	颐	U+9890	2
5392	楔	U+6954	2
5393	楠	U+6960	2
5394	楂	U+6942	2
5395	楝	U+695D	2
5396	楫	U+696B	2
5397	楸	U+6978	2
5398	椴	U+6934	2
5399	槌	U+69CC	2
5400	楯	U+696F	2
5401	皙	U+7699	2
5402	榈	U+6988	2
5403	槎	U+69CE	2
5404	榉	U+6989	2
5405	楦	U+6966	2
5406	楣	U+6963	2
5407	楹	U+6979	2
5408	椽	U+693D	2
5409	裘	U+88D8	2
5410	剽	U+527D	2
5411	甄	U+7504	2
5412	酮	U+916E	2
5413	酰	U+9170	2
5414	酯	U+916F	2
5415	酩	U+9169	2
5416	蜃	U+8703	2
5417	碛	U+789B	2
5418	碓	U+7893	2
5419	硼	U+787C	2
5420	碉	U+7889	2
5421	碚	U+789A	2
5422	碇	U+7887	2
5423	碜	U+789C	2
5424	鹌	U+9E4C	2
5425	辏	U+8F8F	2
5426	龃	U+9F83	2
5427	龅	U+9F85	2
5428	訾	U+8A3E	2
5429	粲	U+7CB2	2
5430	虞	U+865E	2
5431	睚	U+775A	2
5432	嗪	U+55EA	2
5433	韪	U+97EA	2
5434	嗷	U+55F7	2
5435	嗉	U+55C9	2
5436	睨	U+7768	2
5437	睢	U+7762	2
5438	雎	U+96CE	2
5439	睥	U+7765	2
5440	嘟	U+561F	2
5441	嗑	U+55D1	2
5442	嗫	U+55EB	2
5443	嗬	U+55EC	2
5444	嗔	U+55D4	2
5445	嗝	U+55DD	2
5446	戥	U+6225	2
5447	嗄	U+55C4	2
5448	煦	U+7166	2
5449	暄	U+6684	2
5450	遢	U+9062	2
5451	暌	U+668C	2
5452	跬	U+8DEC	2
5453	跶	U+8DF6	2
5454	跸	U+8DF8	2
5455	跐	U+8DD0	2
5456	跣	U+8DE3	2
5457	跹	U+8DF9	2
5458	跻	U+8DFB	2
5459	蛸	U+86F8	2
5460	蜊	U+870A	2
5461	蜍	U+870D	2
5462	蜉	U+8709	2
5463	蜣	U+8723	2
5464	畹	U+7579	2
5465	蛹	U+86F9	2
5466	嗣	U+55E3	2
5467	嗯	U+55EF	2
5468	嗥	U+55E5	2
5469	嗲	U+55F2	2
5470	嗳	U+55F3	2
5471	嗌	U+55CC	2
5472	嗍	U+55CD	2
5473	嗨	U+55E8	2
5474	嗐	U+55D0	2
5475	嗤	U+55E4	2
5476	嗵	U+55F5	2
5477	罨	U+7F68	2
5478	嵊	U+5D4A	2
5479	嵩	U+5D69	2
5480	嵴	U+5D74	2
5481	骰	U+9AB0	2
5482	锗	U+9517	2
5483	锛	U+951B	2
5484	锜	U+951C	2
5485	锝	U+951D	2
5486	锞	U+951E	2
5487	锟	U+951F	2
5488	锢	U+9522	2
5489	锨	U+9528	2
5490	锩	U+9529	2
5491	锭	U+952D	2
5492	锱	U+9531	2
5493	雉	U+96C9	2
5494	氲	U+6C32	2
5495	犏	U+728F	2
5496	歃	U+6B43	2
5497	稞	U+7A1E	2
5498	稗	U+7A17	2
5499	稔	U+7A14	2
5500	筠	U+7B60	2
5501	筢	U+7B62	2
5502	筮	U+7B6E	2
5503	筲	U+7B72	2
5504	筱	U+7B71	2
5505	牒	U+7252	2
5506	煲	U+7172	2
5507	敫	U+656B	2
5508	徭	U+5FAD	2
5509	愆	U+6106	2
5510	艄	U+8244	2
5511	觎	U+89CE	2
5512	毹	U+6BF9	2
5513	貊	U+8C8A	2
5514	貅	U+8C85	2
5515	貉	U+8C89	2
5516	颔	U+9894	2
5517	腠	U+8160	2
5518	腩	U+8169	2
5519	腼	U+817C	2
5520	腭	U+816D	2
5521	腧	U+8167	2
5522	塍	U+584D	2
5523	媵	U+5AB5	2
5524	詹	U+8A79	2
5525	鲅	U+9C85	2
5526	鲆	U+9C86	2
5527	鲇	U+9C87	2
5528	鲈	U+9C88	2
5529	稣	U+7A23	2
5530	鲋	U+9C8B	2
5531	鲐	U+9C90	2
5532	肄	U+8084	2
5533	鹐	U+9E50	2
5534	飕	U+98D5	2
5535	觥	U+89E5	2
5536	遛	U+905B	2
5537	馐	U+9990	2
5538	鹑	U+9E51	2
5539	亶	U+4EB6	2
5540	瘃	U+7603	2
5541	痱	U+75F1	2
5542	痼	U+75FC	2
5543	痿	U+75FF	2
5544	瘐	U+7610	2
5545	瘁	U+7601	2
5546	瘆	U+7606	2
5547	麂	U+9E82	2
5548	裔	U+88D4	2
5549	歆	U+6B46	2
5550	旒	U+65D2	2
5551	雍	U+96CD	2
5552	阖	U+9616	2
5553	阗	U+9617	2
5554	阙	U+9619	2
5555	羧	U+7FA7	2
5556	豢	U+8C62	2
5557	粳	U+7CB3	2
5558	猷	U+7337	2
5559	煳	U+7173	2
5560	煜	U+715C	2
5561	煨	U+7168	2
5562	煅	U+7145	2
5563	煊	U+714A	2
5564	煸	U+7178	2
5565	煺	U+717A	2
5566	滟	U+6EDF	2
5567	溱	U+6EB1	2
5568	溘	U+6E98	2
5569	漭	U+6F2D	2
5570	滢	U+6EE2	2
5571	溥	U+6EA5	2
5572	溧	U+6EA7	2
5573	溽	U+6EBD	2
5574	裟	U+88DF	2
5575	溻	U+6EBB	2
5576	溷	U+6EB7	2
5577	滗	U+6ED7	2
5578	滫	U+6EEB	2
5579	溴	U+6EB4	2
5580	滏	U+6ECF	2
5581	滃	U+6EC3	2
5582	滦	U+6EE6	2
5583	溏	U+6E8F	2
5584	滂	U+6EC2	2
5585	滓	U+6ED3	2
5586	溟	U+6E9F	2
5587	滪	U+6EEA	2
5588	愫	U+612B	2
5589	慑	U+6151	2
5590	慊	U+614A	2
5591	鲎	U+9C8E	2
5592	骞	U+9A9E	2
5593	窦	U+7AA6	2
5594	窠	U+7AA0	2
5595	窣	U+7AA3	2
5596	裱	U+88F1	2
5597	褚	U+891A	2
5598	裨	U+88E8	2
5599	裾	U+88FE	2
5600	裰	U+88F0	2
5601	禊	U+798A	2
5602	谩	U+8C29	2
5603	谪	U+8C2A	2
5604	媾	U+5ABE	2
5605	嫫	U+5AEB	2
5606	媲	U+5AB2	2
5607	嫒	U+5AD2	2
5608	嫔	U+5AD4	2
5609	媸	U+5AB8	2
5610	缙	U+7F19	2
5611	缜	U+7F1C	2
5612	缛	U+7F1B	2
5613	辔	U+8F94	2
5614	骝	U+9A9D	2
5615	缟	U+7F1F	2
5616	缡	U+7F21	2
5617	缢	U+7F22	2
5618	缣	U+7F23	2
5619	骟	U+9A9F	2
5620	耥	U+8025	2
5621	璈	U+7488	2
5622	瑶	U+7476	2
5623	瑭	U+746D	2
5624	獒	U+7352	2
5625	觏	U+89CF	2
5626	慝	U+615D	2
5627	嫠	U+5AE0	2
5628	韬	U+97EC	2
5629	叆	U+53C6	2
5630	髦	U+9AE6	2
5631	摽	U+647D	2
5632	墁	U+5881	2
5633	撂	U+6482	2
5634	摞	U+645E	2
5635	撄	U+6484	2
5636	翥	U+7FE5	2
5637	踅	U+8E05	2
5638	摭	U+646D	2
5639	墉	U+5889	2
5640	墒	U+5892	2
5641	榖	U+6996	2
5642	綦	U+7DA6	2
5643	蔫	U+852B	2
5644	蔷	U+8537	2
5645	靺	U+977A	2
5646	靼	U+977C	2
5647	鞅	U+9785	2
5648	靿	U+977F	2
5649	甍	U+750D	2
5650	蔸	U+8538	2
5651	蔟	U+851F	2
5652	蔺	U+853A	2
5653	戬	U+622C	2
5654	蕖	U+8556	2
5655	蔻	U+853B	2
5656	蓿	U+84FF	2
5657	斡	U+65A1	2
5658	鹕	U+9E55	2
5659	蓼	U+84FC	2
5660	榛	U+699B	2
5661	榧	U+69A7	2
5662	榻	U+69BB	2
5663	榫	U+69AB	2
5664	榭	U+69AD	2
5665	槔	U+69D4	2
5666	榱	U+69B1	2
5667	槁	U+69C1	2
5668	槟	U+69DF	2
5669	槠	U+69E0	2
5670	榷	U+69B7	2
5671	僰	U+50F0	2
5672	酽	U+917D	2
5673	酶	U+9176	2
5674	酹	U+9179	2
5675	厮	U+53AE	2
5676	碡	U+78A1	2
5677	碴	U+78B4	2
5678	碣	U+78A3	2
5679	碲	U+78B2	2
5680	磋	U+78CB	2
5681	臧	U+81E7	2
5682	豨	U+8C68	2
5683	殡	U+6BA1	2
5684	霆	U+9706	2
5685	霁	U+9701	2
5686	辕	U+8F95	2
5687	蜚	U+871A	2
5688	裴	U+88F4	2
5689	翡	U+7FE1	2
5690	龇	U+9F87	2
5691	龈	U+9F88	2
5692	睿	U+777F	2
5693	䁖	U+4056	2
5694	睽	U+777D	2
5695	嘞	U+561E	2
5696	嘈	U+5608	2
5697	嘌	U+560C	2
5698	嘁	U+5601	2
5699	嘎	U+560E	2
5700	暧	U+66A7	2
5701	暝	U+669D	2
5702	踌	U+8E0C	2
5703	踉	U+8E09	2
5704	蜞	U+871E	2
5705	蜥	U+8725	2
5706	蜮	U+872E	2
5707	蝈	U+8748	2
5708	蜴	U+8734	2
5709	蜱	U+8731	2
5710	蜩	U+8729	2
5711	蜷	U+8737	2
5712	蜿	U+873F	2
5713	螂	U+8782	2
5714	蜢	U+8722	2
5715	嘘	U+5618	2
5716	嘡	U+5621	2
5717	鹗	U+9E57	2
5718	嘣	U+5623	2
5719	嘤	U+5624	2
5720	嘚	U+561A	2
5721	嗾	U+55FE	2
5722	嘧	U+5627	2
5723	罴	U+7F74	2
5724	罱	U+7F71	2
5725	幔	U+5E54	2
5726	嶂	U+5D82	2
5727	幛	U+5E5B	2
5728	赙	U+8D59	2
5729	罂	U+7F42	2
5730	骷	U+9AB7	2
5731	骶	U+9AB6	2
5732	鹘	U+9E58	2
5733	锲	U+9532	2
5734	锴	U+9534	2
5735	锶	U+9536	2
5736	锷	U+9537	2
5737	锸	U+9538	2
5738	锵	U+9535	2
5739	镁	U+9541	2
5740	镂	U+9542	2
5741	犒	U+7292	2
5742	箐	U+7B90	2
5743	箦	U+7BA6	2
5744	箧	U+7BA7	2
5745	箍	U+7B8D	2
5746	箸	U+7BB8	2
5747	箬	U+7BAC	2
5748	箅	U+7B85	2
5749	箪	U+7BAA	2
5750	箔	U+7B94	2
5751	箜	U+7B9C	2
5752	箢	U+7BA2	2
5753	箓	U+7B93	2
5754	毓	U+6BD3	2
5755	僖	U+50D6	2
5756	儆	U+5106	2
5757	僳	U+50F3	2
5758	僭	U+50ED	2
5759	劁	U+5281	2
5760	僮	U+50EE	2
5761	魃	U+9B43	2
5762	魆	U+9B46	2
5763	睾	U+777E	2
5764	艋	U+824B	2
5765	鄱	U+9131	2
5766	膈	U+8188	2
5767	膑	U+8191	2
5768	鲑	U+9C91	2
5769	鲔	U+9C94	2
5770	鲚	U+9C9A	2
5771	鲛	U+9C9B	2
5772	鲟	U+9C9F	2
5773	獐	U+7350	2
5774	觫	U+89EB	2
5775	雒	U+96D2	2
5776	夤	U+5924	2
5777	馑	U+9991	2
5778	銮	U+92AE	2
5779	塾	U+587E	2
5780	麽	U+9EBD	2
5781	瘌	U+760C	2
5782	瘊	U+760A	2
5783	瘘	U+7618	2
5784	瘙	U+7619	2
5785	廖	U+5ED6	2
5786	韶	U+97F6	2
5787	旖	U+65D6	2
5788	膂	U+8182	2
5789	阚	U+961A	2
5790	鄯	U+912F	2
5791	鲞	U+9C9E	2
5792	粿	U+7CBF	2
5793	粼	U+7CBC	2
5794	粽	U+7CBD	2
5795	糁	U+7CC1	2
5796	槊	U+69CA	2
5797	鹚	U+9E5A	2
5798	熘	U+7198	2
5799	熥	U+71A5	2
5800	潢	U+6F62	2
5801	漕	U+6F15	2
5802	滹	U+6EF9	2
5803	漯	U+6F2F	2
5804	漶	U+6F36	2
5805	潋	U+6F4B	2
5806	潴	U+6F74	2
5807	漪	U+6F2A	2
5808	漉	U+6F09	2
5809	漳	U+6F33	2
5810	漩	U+6F29	2
5811	澉	U+6F89	2
5812	潍	U+6F4D	2
5813	慵	U+6175	2
5814	搴	U+6434	2
5815	窨	U+7AA8	2
5816	寤	U+5BE4	2
5817	綮	U+7DAE	2
5818	谮	U+8C2E	2
5819	褡	U+8921	2
5820	褙	U+8919	2
5821	褓	U+8913	2
5822	褛	U+891B	2
5823	褊	U+890A	2
5824	谯	U+8C2F	2
5825	谰	U+8C30	2
5826	谲	U+8C32	2
5827	暨	U+66A8	2
5828	屣	U+5C63	2
5829	鹛	U+9E5B	2
5830	嫣	U+5AE3	2
5831	嫱	U+5AF1	2
5832	嫖	U+5AD6	2
5833	嫦	U+5AE6	2
5834	嫚	U+5ADA	2
5835	嫘	U+5AD8	2
5836	嫡	U+5AE1	2
5837	鼐	U+9F10	2
5838	翟	U+7FDF	2
5839	瞀	U+7780	2
5840	鹜	U+9E5C	2
5841	骠	U+9AA0	2
5842	缥	U+7F25	2
5843	缦	U+7F26	2
5844	缧	U+7F27	2
5845	缨	U+7F28	2
5846	骢	U+9AA2	2
5847	缪	U+7F2A	2
5848	缫	U+7F2B	2
5849	耦	U+8026	2
5850	耧	U+8027	2
5851	瑾	U+747E	2
5852	璜	U+749C	2
5853	璀	U+7480	2
5854	璎	U+748E	2
5855	璁	U+7481	2
5856	璋	U+748B	2
5857	璇	U+7487	2
5858	奭	U+596D	2
5859	髯	U+9AEF	2
5860	髫	U+9AEB	2
5861	撷	U+64B7	2
5862	撅	U+6485	2
5863	赭	U+8D6D	2
5864	撸	U+64B8	2
5865	鋆	U+92C6	2
5866	撙	U+6499	2
5867	撺	U+64BA	2
5868	墀	U+5880	2
5869	聩	U+8069	2
5870	觐	U+89D0	2
5871	鞑	U+9791	2
5872	蕙	U+8559	2
5873	鞒	U+9792	2
5874	蕈	U+8548	2
5875	蕨	U+8568	2
5876	蕤	U+8564	2
5877	蕞	U+855E	2
5878	蕺	U+857A	2
5879	瞢	U+77A2	2
5880	蕃	U+8543	2
5881	蕲	U+8572	2
5882	赜	U+8D5C	2
5883	槿	U+69FF	2
5884	樯	U+6A2F	2
5885	槭	U+69ED	2
5886	樗	U+6A17	2
5887	樘	U+6A18	2
5888	樊	U+6A0A	2
5889	槲	U+69F2	2
5890	醌	U+918C	2
5891	醅	U+9185	2
5892	靥	U+9765	2
5893	魇	U+9B47	2
5894	餍	U+990D	2
5895	磔	U+78D4	2
5896	磙	U+78D9	2
5897	霈	U+9708	2
5898	辘	U+8F98	2
5899	龉	U+9F89	2
5900	龊	U+9F8A	2
5901	觑	U+89D1	2
5902	瞌	U+778C	2
5903	瞋	U+778B	2
5904	瞑	U+7791	2
5905	嘭	U+562D	2
5906	噎	U+564E	2
5907	噶	U+5676	2
5908	颙	U+9899	2
5909	暹	U+66B9	2
5910	噘	U+5658	2
5911	踔	U+8E14	2
5912	踝	U+8E1D	2
5913	踟	U+8E1F	2
5914	踒	U+8E12	2
5915	踬	U+8E2C	2
5916	踮	U+8E2E	2
5917	踯	U+8E2F	2
5918	踺	U+8E3A	2
5919	踞	U+8E1E	2
5920	蝽	U+877D	2
5921	蝾	U+877E	2
5922	蝻	U+877B	2
5923	蝰	U+8770	2
5924	蝮	U+876E	2
5925	螋	U+878B	2
5926	蝓	U+8753	2
5927	蝣	U+8763	2
5928	蝼	U+877C	2
5929	噗	U+5657	2
5930	嘬	U+562C	2
5931	颚	U+989A	2
5932	噍	U+564D	2
5933	噢	U+5662	2
5934	噙	U+5659	2
5935	噜	U+565C	2
5936	噌	U+564C	2
5937	噔	U+5654	2
5938	颛	U+989B	2
5939	幞	U+5E5E	2
5940	幡	U+5E61	2
5941	嶙	U+5D99	2
5942	嶝	U+5D9D	2
5943	骺	U+9ABA	2
5944	骼	U+9ABC	2
5945	骸	U+9AB8	2
5946	镊	U+954A	2
5947	镉	U+9549	2
5948	镌	U+954C	2
5949	镍	U+954D	2
5950	镏	U+954F	2
5951	镒	U+9552	2
5952	镓	U+9553	2
5953	镔	U+9554	2
5954	稷	U+7A37	2
5955	箴	U+7BB4	2
5956	篑	U+7BD1	2
5957	篁	U+7BC1	2
5958	篌	U+7BCC	2
5959	篆	U+7BC6	2
5960	牖	U+7256	2
5961	儋	U+510B	2
5962	徵	U+5FB5	2
5963	磐	U+78D0	2
5964	虢	U+8662	2
5965	鹞	U+9E5E	2
5966	膘	U+8198	2
5967	滕	U+6ED5	2
5968	鲠	U+9CA0	2
5969	鲡	U+9CA1	2
5970	鲢	U+9CA2	2
5971	鲣	U+9CA3	2
5972	鲥	U+9CA5	2
5973	鲧	U+9CA7	2
5974	鲩	U+9CA9	2
5975	獗	U+7357	2
5976	獠	U+7360	2
5977	觯	U+89EF	2
5978	馓	U+9993	2
5979	馔	U+9994	2
5980	麾	U+9EBE	2
5981	廛	U+5EDB	2
5982	瘛	U+761B	2
5983	瘼	U+763C	2
5984	瘢	U+7622	2
5985	瘠	U+7620	2
5986	齑	U+9F51	2
5987	羯	U+7FAF	2
5988	羰	U+7FB0	2
5989	𥻗	U+25ED7	2
5990	遴	U+9074	2
5991	糌	U+7CCC	2
5992	糍	U+7CCD	2
5993	糅	U+7CC5	2
5994	熜	U+719C	2
5995	熵	U+71B5	2
5996	熠	U+71A0	2
5997	澍	U+6F8D	2
5998	澌	U+6F8C	2
5999	潸	U+6F78	2
6000	潦	U+6F66	2
6001	潲	U+6F72	2
6002	鋈	U+92C8	2
6003	潟	U+6F5F	2
6004	潼	U+6F7C	2
6005	潺	U+6F7A	2
6006	憬	U+61AC	2
6007	憧	U+61A7	2
6008	寮	U+5BEE	2
6009	窳	U+7AB3	2
6010	谳	U+8C33	2
6011	褴	U+8934	2
6012	褟	U+891F	2
6013	褫	U+892B	2
6014	谵	U+8C35	2
6015	熨	U+71A8	2
6016	屦	U+5C66	2
6017	嬉	U+5B09	2
6018	勰	U+52F0	2
6019	戮	U+622E	2
6020	蝥	U+8765	2
6021	缬	U+7F2C	2
6022	缮	U+7F2E	2
6023	缯	U+7F2F	2
6024	骣	U+9AA3	2
6025	畿	U+757F	2
6026	耩	U+8029	2
6027	耨	U+8028	2
6028	耪	U+802A	2
6029	璞	U+749E	2
6030	璟	U+749F	2
6031	靛	U+975B	2
6032	璠	U+74A0	2
6033	璘	U+7498	2
6034	聱	U+8071	2
6035	螯	U+87AF	2
6036	髻	U+9AFB	2
6037	髭	U+9AED	2
6038	髹	U+9AF9	2
6039	擀	U+64C0	2
6040	熹	U+71B9	2
6041	甏	U+750F	2
6042	擞	U+64DE	2
6043	縠	U+7E20	2
6044	磬	U+78EC	2
6045	颞	U+989E	2
6046	蕻	U+857B	2
6047	鞘	U+9798	2
6048	颟	U+989F	2
6049	薤	U+85A4	2
6050	薨	U+85A8	2
6051	檠	U+6AA0	2
6052	薏	U+858F	2
6053	薮	U+85AE	2
6054	薜	U+859C	2
6055	薅	U+8585	2
6056	樾	U+6A3E	2
6057	橛	U+6A5B	2
6058	橇	U+6A47	2
6059	樵	U+6A35	2
6060	檎	U+6A8E	2
6061	橹	U+6A79	2
6062	樽	U+6A3D	2
6063	樨	U+6A28	2
6064	橼	U+6A7C	2
6065	墼	U+58BC	2
6066	橐	U+6A50	2
6067	翮	U+7FEE	2
6068	醛	U+919B	2
6069	醐	U+9190	2
6070	醍	U+918D	2
6071	醚	U+919A	2
6072	磲	U+78F2	2
6073	赝	U+8D5D	2
6074	飙	U+98D9	2
6075	殪	U+6BAA	2
6076	霖	U+9716	2
6077	霏	U+970F	2
6078	霓	U+9713	2
6079	錾	U+933E	2
6080	辚	U+8F9A	2
6081	臻	U+81FB	2
6082	遽	U+907D	2
6083	氅	U+6C05	2
6084	瞟	U+779F	2
6085	瞠	U+77A0	2
6086	瞰	U+77B0	2
6087	嚄	U+5684	2
6088	嚆	U+5686	2
6089	噤	U+5664	2
6090	暾	U+66BE	2
6091	蹀	U+8E40	2
6092	踹	U+8E39	2
6093	踵	U+8E35	2
6094	踽	U+8E3D	2
6095	蹉	U+8E49	2
6096	蹁	U+8E41	2
6097	螨	U+87A8	2
6098	蟒	U+87D2	2
6099	螈	U+8788	2
6100	螅	U+8785	2
6101	螭	U+87AD	2
6102	螠	U+87A0	2
6103	螟	U+879F	2
6104	噱	U+5671	2
6105	噬	U+566C	2
6106	噫	U+566B	2
6107	噻	U+567B	2
6108	噼	U+567C	2
6109	罹	U+7F79	2
6110	圜	U+571C	2
6111	䦃	U+4983	2
6112	镖	U+9556	2
6113	镗	U+9557	2
6114	镘	U+9558	2
6115	镚	U+955A	2
6116	镛	U+955B	2
6117	镝	U+955D	2
6118	镞	U+955E	2
6119	镠	U+9560	2
6120	氇	U+6C07	2
6121	氆	U+6C06	2
6122	憩	U+61A9	2
6123	穑	U+7A51	2
6124	篝	U+7BDD	2
6125	篥	U+7BE5	2
6126	篦	U+7BE6	2
6127	篪	U+7BEA	2
6128	篙	U+7BD9	2
6129	盥	U+76E5	2
6130	劓	U+5293	2
6131	翱	U+7FF1	2
6132	魉	U+9B49	2
6133	魈	U+9B48	2
6134	徼	U+5FBC	2
6135	歙	U+6B59	2
6136	膳	U+81B3	2
6137	膦	U+81A6	2
6138	膙	U+8199	2
6139	鲮	U+9CAE	2
6140	鲱	U+9CB1	2
6141	鲲	U+9CB2	2
6142	鲳	U+9CB3	2
6143	鲴	U+9CB4	2
6144	鲵	U+9CB5	2
6145	鲷	U+9CB7	2
6146	鲻	U+9CBB	2
6147	獴	U+7374	2
6148	獭	U+736D	2
6149	獬	U+736C	2
6150	邂	U+9082	2
6151	鹧	U+9E67	2
6152	廨	U+5EE8	2
6153	赟	U+8D5F	2
6154	瘰	U+7630	2
6155	廪	U+5EEA	2
6156	瘿	U+763F	2
6157	瘵	U+7635	2
6158	瘴	U+7634	2
6159	癃	U+7643	2
6160	瘳	U+7633	2
6161	斓	U+6593	2
6162	麇	U+9E87	2
6163	麈	U+9E88	2
6164	嬴	U+5B34	2
6165	壅	U+58C5	2
6166	羲	U+7FB2	2
6167	糗	U+7CD7	2
6168	瞥	U+77A5	2
6169	甑	U+7511	2
6170	燎	U+71CE	2
6171	燠	U+71E0	2
6172	燔	U+71D4	2
6173	燧	U+71E7	2
6174	濑	U+6FD1	2
6175	濉	U+6FC9	2
6176	潞	U+6F5E	2
6177	澧	U+6FA7	2
6178	澹	U+6FB9	2
6179	澥	U+6FA5	2
6180	澶	U+6FB6	2
6181	濂	U+6FC2	2
6182	褰	U+8930	2
6183	寰	U+5BF0	2
6184	窸	U+7AB8	2
6185	褶	U+8936	2
6186	禧	U+79A7	2
6187	嬖	U+5B16	2
6188	犟	U+729F	2
6189	隰	U+96B0	2
6190	嬗	U+5B17	2
6191	颡	U+98A1	2
6192	缱	U+7F31	2
6193	缲	U+7F32	2
6194	缳	U+7F33	2
6195	璨	U+74A8	2
6196	璩	U+74A9	2
6197	璐	U+7490	2
6198	璪	U+74AA	2
6199	螫	U+87AB	2
6200	擤	U+64E4	2
6201	壕	U+58D5	2
6202	觳	U+89F3	2
6203	罄	U+7F44	2
6204	擢	U+64E2	2
6205	薹	U+85B9	2
6206	鞡	U+97A1	2
6207	鞬	U+97AC	2
6208	薷	U+85B7	2
6209	薰	U+85B0	2
6210	藓	U+85D3	2
6211	藁	U+85C1	2
6212	檄	U+6A84	2
6213	檩	U+6AA9	2
6214	懋	U+61CB	2
6215	醢	U+91A2	2
6216	翳	U+7FF3	2
6217	礅	U+7905	2
6218	磴	U+78F4	2
6219	鹩	U+9E69	2
6220	龋	U+9F8B	2
6221	龌	U+9F8C	2
6222	豳	U+8C73	2
6223	壑	U+58D1	2
6224	黻	U+9EFB	2
6225	嚏	U+568F	2
6226	嚅	U+5685	2
6227	蹑	U+8E51	2
6228	蹒	U+8E52	2
6229	蹊	U+8E4A	2
6230	蟥	U+87E5	2
6231	螬	U+87AC	2
6232	螵	U+87B5	2
6233	疃	U+7583	2
6234	螳	U+87B3	2
6235	蟑	U+87D1	2
6236	嚓	U+5693	2
6237	羁	U+7F81	2
6238	罽	U+7F7D	2
6239	罾	U+7F7E	2
6240	嶷	U+5DB7	2
6241	黜	U+9EDC	2
6242	黝	U+9EDD	2
6243	髁	U+9AC1	2
6244	髀	U+9AC0	2
6245	镡	U+9561	2
6246	镢	U+9562	2
6247	镣	U+9563	2
6248	镦	U+9566	2
6249	镧	U+9567	2
6250	镩	U+9569	2
6251	镪	U+956A	2
6252	镫	U+956B	2
6253	罅	U+7F45	2
6254	黏	U+9ECF	2
6255	簌	U+7C0C	2
6256	篾	U+7BFE	2
6257	篼	U+7BFC	2
6258	簖	U+7C16	2
6259	簋	U+7C0B	2
6260	鼢	U+9F22	2
6261	黛	U+9EDB	2
6262	儡	U+5121	2
6263	鹪	U+9E6A	2
6264	鼾	U+9F3E	2
6265	皤	U+76A4	2
6266	魍	U+9B4D	2
6267	龠	U+9FA0	2
6268	繇	U+7E47	2
6269	貘	U+8C98	2
6270	邈	U+9088	2
6271	貔	U+8C94	2
6272	臌	U+81CC	2
6273	膻	U+81BB	2
6274	臆	U+81C6	2
6275	臃	U+81C3	2
6276	鲼	U+9CBC	2
6277	鲽	U+9CBD	2
6278	鳀	U+9CC0	2
6279	鳃	U+9CC3	2
6280	鳅	U+9CC5	2
6281	鳇	U+9CC7	2
6282	鳊	U+9CCA	2
6283	螽	U+87BD	2
6284	燮	U+71EE	2
6285	鹫	U+9E6B	2
6286	襄	U+8944	2
6287	糜	U+7CDC	2
6288	縻	U+7E3B	2
6289	膺	U+81BA	2
6290	癍	U+764D	2
6291	麋	U+9E8B	2
6292	懑	U+61D1	2
6293	濡	U+6FE1	2
6294	濮	U+6FEE	2
6295	濞	U+6FDE	2
6296	濠	U+6FE0	2
6297	濯	U+6FEF	2
6298	蹇	U+8E47	2
6299	謇	U+8B07	2
6300	邃	U+9083	2
6301	襁	U+8941	2
6302	檗	U+6A97	2
6303	擘	U+64D8	2
6304	孺	U+5B7A	2
6305	隳	U+96B3	2
6306	嬷	U+5B37	2
6307	蟊	U+87CA	2
6308	鹬	U+9E6C	2
6309	鍪	U+936A	2
6310	鏊	U+93CA	2
6311	鳌	U+9CCC	2
6312	鬈	U+9B08	2
6313	鬃	U+9B03	2
6314	瞽	U+77BD	2
6315	鞯	U+97AF	2
6316	鞨	U+97A8	2
6317	鞫	U+97AB	2
6318	鞧	U+97A7	2
6319	鞣	U+97A3	2
6320	藜	U+85DC	2
6321	藠	U+85E0	2
6322	藩	U+85E9	2
6323	醪	U+91AA	2
6324	蹙	U+8E59	2
6325	礓	U+7913	2
6326	燹	U+71F9	2
6327	餮	U+992E	2
6328	瞿	U+77BF	2
6329	曛	U+66DB	2
6330	颢	U+98A2	2
6331	曜	U+66DC	2
6332	躇	U+8E87	2
6333	蹚	U+8E5A	2
6334	鹭	U+9E6D	2
6335	蟛	U+87DB	2
6336	蟪	U+87EA	2
6337	蟠	U+87E0	2
6338	蟮	U+87EE	2
6339	鹮	U+9E6E	2
6340	黠	U+9EE0	2
6341	黟	U+9EDF	2
6342	髅	U+9AC5	2
6343	髂	U+9AC2	2
6344	镬	U+956C	2
6345	镭	U+956D	2
6346	镯	U+956F	2
6347	馥	U+99A5	2
6348	簟	U+7C1F	2
6349	簪	U+7C2A	2
6350	鼬	U+9F2C	2
6351	雠	U+96E0	2
6352	艟	U+825F	2
6353	鳎	U+9CCE	2
6354	鳏	U+9CCF	2
6355	鳐	U+9CD0	2
6356	癞	U+765E	2
6357	癔	U+7654	2
6358	癜	U+765C	2
6359	癖	U+7656	2
6360	糨	U+7CE8	2
6361	蹩	U+8E69	2
6362	鎏	U+938F	2
6363	懵	U+61F5	2
6364	彝	U+5F5D	2
6365	邋	U+908B	2
6366	鬏	U+9B0F	2
6367	攉	U+6509	2
6368	攒	U+6512	2
6369	鞲	U+97B2	2
6370	鞴	U+97B4	2
6371	藿	U+85FF	2
6372	蘧	U+8627	2
6373	蘅	U+8605	2
6374	麓	U+9E93	2
6375	醮	U+91AE	2
6376	醯	U+91AF	2
6377	酃	U+9143	2
6378	霪	U+972A	2
6379	霭	U+972D	2
6380	霨	U+9728	2
6381	黼	U+9EFC	2
6382	嚯	U+56AF	2
6383	蹰	U+8E70	2
6384	蹶	U+8E76	2
6385	蹽	U+8E7D	2
6386	蹼	U+8E7C	2
6387	蹴	U+8E74	2
6388	蹾	U+8E7E	2
6389	蹿	U+8E7F	2
6390	蠖	U+8816	2
6391	蠓	U+8813	2
6392	蟾	U+87FE	2
6393	蠊	U+880A	2
6394	黢	U+9EE2	2
6395	髋	U+9ACB	2
6396	髌	U+9ACC	2
6397	镲	U+9572	2
6398	籀	U+7C40	2
6399	籁	U+7C41	2
6400	齁	U+9F41	2
6401	魑	U+9B51	2
6402	艨	U+8268	2
6403	鳓	U+9CD3	2
6404	鳔	U+9CD4	2
6405	鳕	U+9CD5	2
6406	鳗	U+9CD7	2
6407	鳙	U+9CD9	2
6408	麒	U+9E92	2
6409	鏖	U+93D6	2
6410	羸	U+7FB8	2
6411	㸆	U+3E06	2
6412	瀚	U+701A	2
6413	瀣	U+7023	2
6414	瀛	U+701B	2
6415	襦	U+8966	2
6416	谶	U+8C36	2
6417	襞	U+895E	2
6418	骥	U+9AA5	2
6419	缵	U+7F35	2
6420	瓒	U+74D2	2
6421	攘	U+6518	2
6422	蘩	U+8629	2
6423	蘖	U+8616	2
6424	醴	U+91B4	2
6425	霰	U+9730	2
6426	酆	U+9146	2
6427	矍	U+77CD	2
6428	曦	U+66E6	2
6429	躅	U+8E85	2
6430	鼍	U+9F0D	2
6431	巉	U+5DC9	2
6432	黩	U+9EE9	2
6433	黥	U+9EE5	2
6434	黪	U+9EEA	2
6435	镳	U+9573	2
6436	镴	U+9574	2
6437	黧	U+9EE7	2
6438	纂	U+7E82	2
6439	璺	U+74BA	2
6440	鼯	U+9F2F	2
6441	臜	U+81DC	2
6442	鳜	U+9CDC	2
6443	鳝	U+9CDD	2
6444	鳟	U+9CDF	2
6445	獾	U+737E	2
6446	孀	U+5B40	2
6447	骧	U+9AA7	2
6448	瓘	U+74D8	2
6449	鼙	U+9F19	2
6450	醺	U+91BA	2
6451	礴	U+7934	2
6452	颦	U+98A6	2
6453	曩	U+66E9	2
6454	鳢	U+9CE2	2
6455	癫	U+766B	2
6456	麝	U+9E9D	2
6457	夔	U+5914	2
6458	爝	U+721D	2
6459	灏	U+704F	2
6460	禳	U+79B3	2
6461	鐾	U+943E	2
6462	羼	U+7FBC	2
6463	蠡	U+8821	2
6464	耱	U+8031	2
6465	懿	U+61FF	2
6466	蘸	U+8638	2
6467	鹳	U+9E73	2
6468	霾	U+973E	2
6469	氍	U+6C0D	2
6470	饕	U+9955	2
6471	躐	U+8E90	2
6472	髑	U+9AD1	2
6473	镵	U+9575	2
6474	穰	U+7A70	2
6475	饔	U+9954	2
6476	鬻	U+9B3B	2
6477	鬟	U+9B1F	2
6478	趱	U+8DB1	2
6479	攫	U+652B	2
6480	攥	U+6525	2
6481	颧	U+98A7	2
6482	躜	U+8E9C	2
6483	鼹	U+9F39	2
6484	癯	U+766F	2
6485	麟	U+9E9F	2
6486	蠲	U+8832	2
6487	蠹	U+8839	2
6488	躞	U+8E9E	2
6489	衢	U+8862	2
6490	鑫	U+946B	2
6491	灞	U+705E	2
6492	襻	U+897B	2
6493	纛	U+7E9B	2
6494	鬣	U+9B23	2
6495	攮	U+652E	2
6496	囔	U+56D4	2
6497	馕	U+9995	2
6498	戆	U+6206	2
6499	爨	U+7228	2
6500	齉	U+9F49	2
6501	亍	U+4E8D	3
6502	尢	U+5C22	3
6503	彳	U+5F73	3
6504	卬	U+536C	3
6505	殳	U+6BB3	3
6506	𠙶	U+20676	3
6507	毌	U+6BCC	3
6508	邘	U+9098	3
6509	戋	U+620B	3
6510	圢	U+5722	3
6511	氕	U+6C15	3
6512	伋	U+4F0B	3
6513	仝	U+4EDD	3
6514	冮	U+51AE	3
6515	氿	U+6C3F	3
6516	汈	U+6C48	3
6517	氾	U+6C3E	3
6518	忉	U+5FC9	3
6519	宄	U+5B84	3
6520	𬣙	U+2C8D9	3
6521	讱	U+8BB1	3
6522	扞	U+625E	3
6523	圲	U+5732	3
6524	圫	U+572B	3
6525	芏	U+828F	3
6526	芃	U+8283	3
6527	朳	U+6733	3
6528	朸	U+6738	3
6529	𨙸	U+28678	3
6530	邨	U+90A8	3
6531	吒	U+5412	3
6532	吖	U+5416	3
6533	屼	U+5C7C	3
6534	屾	U+5C7E	3
6535	辿	U+8FBF	3
6536	钆	U+9486	3
6537	仳	U+4EF3	3
6538	伣	U+4F23	3
6539	伈	U+4F08	3
6540	癿	U+767F	3
6541	甪	U+752A	3
6542	邠	U+90A0	3
6543	犴	U+72B4	3
6544	冱	U+51B1	3
6545	邡	U+90A1	3
6546	闫	U+95EB	3
6547	𬇕	U+2C1D5	3
6548	汋	U+6C4B	3
6549	䜣	U+4723	3
6550	讻	U+8BBB	3
6551	𬣞	U+2C8DE	3
6552	孖	U+5B56	3
6553	𬘓	U+2C613	3
6554	纩	U+7EA9	3
6555	玒	U+7392	3
6556	玓	U+7393	3
6557	玘	U+7398	3
6558	玚	U+739A	3
6559	刬	U+522C	3
6560	𫭟	U+2BB5F	3
6561	坜	U+575C	3
6562	坉	U+5749	3
6563	扽	U+627D	3
6564	𫭢	U+2BB62	3
6565	坋	U+574B	3
6566	扺	U+627A	3
6567	㧑	U+39D1	3
6568	毐	U+6BD0	3
6569	芰	U+82B0	3
6570	芣	U+82A3	3
6571	苊	U+82CA	3
6572	苉	U+82C9	3
6573	芘	U+8298	3
6574	芴	U+82B4	3
6575	芠	U+82A0	3
6576	𫇭	U+2B1ED	3
6577	芤	U+82A4	3
6578	杕	U+6755	3
6579	杙	U+6759	3
6580	杄	U+6744	3
6581	杧	U+6767	3
6582	杩	U+6769	3
6583	尪	U+5C2A	3
6584	尨	U+5C28	3
6585	轪	U+8F6A	3
6586	𫐄	U+2B404	3
6587	坒	U+5752	3
6588	芈	U+8288	3
6589	旴	U+65F4	3
6590	旵	U+65F5	3
6591	呙	U+5459	3
6592	㕮	U+356E	3
6593	岍	U+5C8D	3
6594	𫵷	U+2BD77	3
6595	岠	U+5CA0	3
6596	岜	U+5C9C	3
6597	呇	U+5447	3
6598	冏	U+518F	3
6599	觃	U+89C3	3
6600	岙	U+5C99	3
6601	伾	U+4F3E	3
6602	㑇	U+3447	3
6603	伭	U+4F2D	3
6604	佖	U+4F56	3
6605	伲	U+4F32	3
6606	佁	U+4F41	3
6607	飏	U+98CF	3
6608	狃	U+72C3	3
6609	闶	U+95F6	3
6610	汧	U+6C67	3
6611	汫	U+6C6B	3
6612	𣲘	U+23C98	3
6613	𣲗	U+23C97	3
6614	沄	U+6C84	3
6615	沘	U+6C98	3
6616	𬇙	U+2C1D9	3
6617	汭	U+6C6D	3
6618	㳇	U+3CC7	3
6619	沇	U+6C87	3
6620	忮	U+5FEE	3
6621	忳	U+5FF3	3
6622	忺	U+5FFA	3
6623	𬣡	U+2C8E1	3
6624	祃	U+7943	3
6625	诇	U+8BC7	3
6626	邲	U+90B2	3
6627	诎	U+8BCE	3
6628	诐	U+8BD0	3
6629	屃	U+5C43	3
6630	𫸩	U+2BE29	3
6631	岊	U+5C8A	3
6632	阽	U+963D	3
6633	䢺	U+48BA	3
6634	阼	U+963C	3
6635	妧	U+59A7	3
6636	妘	U+5998	3
6637	𨚕	U+28695	3
6638	纮	U+7EAE	3
6639	驲	U+9A72	3
6640	𫘜	U+2B61C	3
6641	纻	U+7EBB	3
6642	𬘘	U+2C618	3
6643	𫘝	U+2B61D	3
6644	纼	U+7EBC	3
6645	玤	U+73A4	3
6646	玞	U+739E	3
6647	玱	U+73B1	3
6648	玟	U+739F	3
6649	邽	U+90BD	3
6650	邿	U+90BF	3
6651	坥	U+5765	3
6652	坰	U+5770	3
6653	坬	U+576C	3
6654	坽	U+577D	3
6655	弆	U+5F06	3
6656	耵	U+8035	3
6657	䢼	U+48BC	3
6658	𦭜	U+26B5C	3
6659	茋	U+830B	3
6660	苧	U+82E7	3
6661	苾	U+82FE	3
6662	苠	U+82E0	3
6663	枅	U+6785	3
6664	㭎	U+3B4E	3
6665	枘	U+6798	3
6666	枍	U+678D	3
6667	矼	U+77FC	3
6668	矻	U+77FB	3
6669	匼	U+533C	3
6670	𬨂	U+2CA02	3
6671	𬀩	U+2C029	3
6672	𬀪	U+2C02A	3
6673	旿	U+65FF	3
6674	昇	U+6607	3
6675	昄	U+6604	3
6676	昒	U+6612	3
6677	昈	U+6608	3
6678	咉	U+5489	3
6679	咇	U+5487	3
6680	咍	U+548D	3
6681	岵	U+5CB5	3
6682	岽	U+5CBD	3
6683	岨	U+5CA8	3
6684	岞	U+5C9E	3
6685	峂	U+5CC2	3
6686	㟃	U+37C3	3
6687	囷	U+56F7	3
6688	𬬩	U+2CB29	3
6689	钐	U+9490	3
6690	钔	U+9494	3
6691	钖	U+9496	3
6692	牥	U+7265	3
6693	佴	U+4F74	3
6694	垈	U+5788	3
6695	侁	U+4F81	3
6696	侹	U+4FB9	3
6697	佸	U+4F78	3
6698	佺	U+4F7A	3
6699	隹	U+96B9	3
6700	㑊	U+344A	3
6701	侂	U+4F82	3
6702	佽	U+4F7D	3
6703	侘	U+4F98	3
6704	郈	U+90C8	3
6705	舠	U+8220	3
6706	郐	U+90D0	3
6707	郃	U+90C3	3
6708	攽	U+653D	3
6709	肭	U+80AD	3
6710	肸	U+80B8	3
6711	肷	U+80B7	3
6712	狉	U+72C9	3
6713	狝	U+72DD	3
6714	饳	U+9973	3
6715	忞	U+5FDE	3
6716	於	U+65BC	3
6717	炌	U+708C	3
6718	炆	U+7086	3
6719	泙	U+6CD9	3
6720	沺	U+6CBA	3
6721	泂	U+6CC2	3
6722	泜	U+6CDC	3
6723	泃	U+6CC3	3
6724	泇	U+6CC7	3
6725	怊	U+600A	3
6726	峃	U+5CC3	3
6727	穸	U+7A78	3
6728	祋	U+794B	3
6729	祊	U+794A	3
6730	𫍣	U+2B363	3
6731	𬣳	U+2C8F3	3
6732	𬩽	U+2CA7D	3
6733	鸤	U+9E24	3
6734	弢	U+5F22	3
6735	弨	U+5F28	3
6736	陑	U+9651	3
6737	𬮿	U+2CBBF	3
6738	陎	U+964E	3
6739	𬯀	U+2CBC0	3
6740	卺	U+537A	3
6741	乸	U+4E78	3
6742	妭	U+59AD	3
6743	姈	U+59C8	3
6744	𫰛	U+2BC1B	3
6745	迳	U+8FF3	3
6746	叕	U+53D5	3
6747	𬳵	U+2CCF5	3
6748	驵	U+9A75	3
6749	𬳶	U+2CCF6	3
6750	䌹	U+4339	3
6751	驺	U+9A7A	3
6752	𫠊	U+2B80A	3
6753	绋	U+7ECB	3
6754	绐	U+7ED0	3
6755	砉	U+7809	3
6756	耔	U+8014	3
6757	㛃	U+36C3	3
6758	玶	U+73B6	3
6759	珇	U+73C7	3
6760	珅	U+73C5	3
6761	𬍛	U+2C35B	3
6762	珋	U+73CB	3
6763	玹	U+73B9	3
6764	珌	U+73CC	3
6765	玿	U+73BF	3
6766	韨	U+97E8	3
6767	垚	U+579A	3
6768	垯	U+57AF	3
6769	垙	U+5799	3
6770	垲	U+57B2	3
6771	埏	U+57CF	3
6772	垍	U+578D	3
6773	耇	U+8007	3
6774	鿍	U+9FCD	3
6775	垎	U+578E	3
6776	垴	U+57B4	3
6777	垟	U+579F	3
6778	垞	U+579E	3
6779	挓	U+6313	3
6780	垵	U+57B5	3
6781	垏	U+578F	3
6782	拶	U+62F6	3
6783	荖	U+8356	3
6784	荁	U+8341	3
6785	荙	U+8359	3
6786	荛	U+835B	3
6787	茈	U+8308	3
6788	茽	U+833D	3
6789	荄	U+8344	3
6790	茺	U+833A	3
6791	𬜬	U+2C72C	3
6792	荓	U+8353	3
6793	茳	U+8333	3
6794	𦰡	U+26C21	3
6795	茛	U+831B	3
6796	荭	U+836D	3
6797	㭕	U+3B55	3
6798	柷	U+67F7	3
6799	柃	U+67C3	3
6800	柊	U+67CA	3
6801	枹	U+67B9	3
6802	栐	U+6810	3
6803	柖	U+67D6	3
6804	郚	U+90DA	3
6805	剅	U+5245	3
6806	䴓	U+4D13	3
6807	迺	U+8FFA	3
6808	厖	U+5396	3
6809	砆	U+7806	3
6810	砑	U+7811	3
6811	砄	U+7804	3
6812	耏	U+800F	3
6813	奓	U+5953	3
6814	䶮	U+4DAE	3
6815	轵	U+8F75	3
6816	轷	U+8F77	3
6817	轹	U+8F79	3
6818	轺	U+8F7A	3
6819	昺	U+663A	3
6820	𪾢	U+2AFA2	3
6821	昽	U+663D	3
6822	盷	U+76F7	3
6823	咡	U+54A1	3
6824	咺	U+54BA	3
6825	昳	U+6633	3
6826	昣	U+6623	3
6827	哒	U+54D2	3
6828	昤	U+6624	3
6829	昫	U+662B	3
6830	昡	U+6621	3
6831	咥	U+54A5	3
6832	昪	U+662A	3
6833	虷	U+8677	3
6834	虸	U+8678	3
6835	哃	U+54C3	3
6836	峘	U+5CD8	3
6837	耑	U+8011	3
6838	峛	U+5CDB	3
6839	𪨰	U+2AA30	3
6840	峗	U+5CD7	3
6841	峧	U+5CE7	3
6842	帡	U+5E21	3
6843	钘	U+9498	3
6844	𫓧	U+2B4E7	3
6845	钜	U+949C	3
6846	𬬮	U+2CB2E	3
6847	𬬱	U+2CB31	3
6848	𬬭	U+2CB2D	3
6849	钪	U+94AA	3
6850	钬	U+94AC	3
6851	钭	U+94AD	3
6852	矧	U+77E7	3
6853	秬	U+79EC	3
6854	俫	U+4FEB	3
6855	舁	U+8201	3
6856	俜	U+4FDC	3
6857	俙	U+4FD9	3
6858	俍	U+4FCD	3
6859	垕	U+5795	3
6860	衎	U+884E	3
6861	舣	U+8223	3
6862	弇	U+5F07	3
6863	侴	U+4FB4	3
6864	鸧	U+9E27	3
6865	䏡	U+43E1	3
6866	胠	U+80E0	3
6867	𦙶	U+26676	3
6868	胈	U+80C8	3
6869	胩	U+80E9	3
6870	胣	U+80E3	3
6871	朏	U+670F	3
6872	飐	U+98D0	3
6873	訄	U+8A04	3
6874	饻	U+997B	3
6875	庤	U+5EA4	3
6876	疢	U+75A2	3
6877	炣	U+70A3	3
6878	炟	U+709F	3
6879	㶲	U+3DB2	3
6880	洭	U+6D2D	3
6881	洘	U+6D18	3
6882	洓	U+6D13	3
6883	洿	U+6D3F	3
6884	㳚	U+3CDA	3
6885	泚	U+6CDA	3
6886	浈	U+6D48	3
6887	浉	U+6D49	3
6888	洸	U+6D38	3
6889	洑	U+6D11	3
6890	洢	U+6D22	3
6891	洈	U+6D08	3
6892	洚	U+6D1A	3
6893	洺	U+6D3A	3
6894	洨	U+6D28	3
6895	浐	U+6D50	3
6896	㳘	U+3CD8	3
6897	洴	U+6D34	3
6898	洣	U+6D23	3
6899	恔	U+6054	3
6900	宬	U+5BAC	3
6901	窀	U+7A80	3
6902	扂	U+6242	3
6903	袆	U+8886	3
6904	祏	U+794F	3
6905	祐	U+7950	3
6906	祕	U+7955	3
6907	叚	U+53DA	3
6908	陧	U+9667	3
6909	陞	U+965E	3
6910	娀	U+5A00	3
6911	姞	U+59DE	3
6912	姱	U+59F1	3
6913	姤	U+59E4	3
6914	姶	U+59F6	3
6915	姽	U+59FD	3
6916	枲	U+67B2	3
6917	绖	U+7ED6	3
6918	骃	U+9A83	3
6919	𬘡	U+2C621	3
6920	𬳽	U+2CCFD	3
6921	𬘩	U+2C629	3
6922	𫄧	U+2B127	3
6923	彖	U+5F56	3
6924	骉	U+9A89	3
6925	恝	U+605D	3
6926	珪	U+73EA	3
6927	珛	U+73DB	3
6928	珹	U+73F9	3
6929	琊	U+740A	3
6930	玼	U+73BC	3
6931	珖	U+73D6	3
6932	𪟝	U+2A7DD	3
6933	珽	U+73FD	3
6934	珦	U+73E6	3
6935	珫	U+73EB	3
6936	珒	U+73D2	3
6937	𬍤	U+2C364	3
6938	珢	U+73E2	3
6939	珕	U+73D5	3
6940	珝	U+73DD	3
6941	𫭼	U+2BB7C	3
6942	埗	U+57D7	3
6943	垾	U+57BE	3
6944	垺	U+57BA	3
6945	埆	U+57C6	3
6946	垿	U+57BF	3
6947	埌	U+57CC	3
6948	埇	U+57C7	3
6949	莰	U+83B0	3
6950	茝	U+831D	3
6951	𬜯	U+2C72F	3
6952	鄀	U+9100	3
6953	莶	U+83B6	3
6954	莝	U+839D	3
6955	䓖	U+44D6	3
6956	莙	U+8399	3
6957	栻	U+683B	3
6958	桠	U+6860	3
6959	𬂩	U+2C0A9	3
6960	桄	U+6844	3
6961	梠	U+68A0	3
6962	栴	U+6834	3
6963	梴	U+68B4	3
6964	栒	U+6812	3
6965	酎	U+914E	3
6966	酏	U+914F	3
6967	𫠆	U+2B806	3
6968	砵	U+7835	3
6969	砠	U+7820	3
6970	砫	U+782B	3
6971	砬	U+782C	3
6972	硁	U+7841	3
6973	恧	U+6067	3
6974	翃	U+7FC3	3
6975	郪	U+90EA	3
6976	𨐈	U+28408	3
6977	辀	U+8F80	3
6978	辁	U+8F81	3
6979	𬌗	U+2C317	3
6980	剕	U+5255	3
6981	赀	U+8D40	3
6982	哢	U+54E2	3
6983	晅	U+6645	3
6984	晊	U+664A	3
6985	唝	U+551D	3
6986	哳	U+54F3	3
6987	哱	U+54F1	3
6988	冔	U+5194	3
6989	晔	U+6654	3
6990	晐	U+6650	3
6991	晖	U+6656	3
6992	畖	U+7556	3
6993	蚄	U+8684	3
6994	蚆	U+8686	3
6995	𫑡	U+2B461	3
6996	帱	U+5E31	3
6997	崁	U+5D01	3
6998	峿	U+5CFF	3
6999	𪨶	U+2AA36	3
7000	崄	U+5D04	3
7001	帨	U+5E28	3
7002	崀	U+5D00	3
7003	赆	U+8D46	3
7004	𬬸	U+2CB38	3
7005	钷	U+94B7	3
7006	𬬻	U+2CB3B	3
7007	𬬹	U+2CB39	3
7008	𬬿	U+2CB3F	3
7009	𬭁	U+2CB41	3
7010	眚	U+771A	3
7011	甡	U+7521	3
7012	笫	U+7B2B	3
7013	倻	U+503B	3
7014	倴	U+5034	3
7015	脩	U+8129	3
7016	倮	U+502E	3
7017	倕	U+5015	3
7018	倞	U+501E	3
7019	𫢸	U+2B8B8	3
7020	倓	U+5013	3
7021	倧	U+5027	3
7022	衃	U+8843	3
7023	虒	U+8652	3
7024	舭	U+822D	3
7025	舯	U+822F	3
7026	舥	U+8225	3
7027	瓞	U+74DE	3
7028	鬯	U+9B2F	3
7029	鸰	U+9E30	3
7030	脎	U+810E	3
7031	朓	U+6713	3
7032	胲	U+80F2	3
7033	虓	U+8653	3
7034	鱽	U+9C7D	3
7035	狴	U+72F4	3
7036	峱	U+5CF1	3
7037	狻	U+72FB	3
7038	眢	U+7722	3
7039	𫗧	U+2B5E7	3
7040	勍	U+52CD	3
7041	痄	U+75C4	3
7042	疰	U+75B0	3
7043	痃	U+75C3	3
7044	竘	U+7AD8	3
7045	羖	U+7F96	3
7046	羓	U+7F93	3
7047	桊	U+684A	3
7048	敉	U+6549	3
7049	烠	U+70E0	3
7050	烔	U+70D4	3
7051	烶	U+70F6	3
7052	烻	U+70FB	3
7053	𬊈	U+2C288	3
7054	涍	U+6D8D	3
7055	浡	U+6D61	3
7056	浭	U+6D6D	3
7057	浬	U+6D6C	3
7058	涄	U+6D84	3
7059	涢	U+6DA2	3
7060	涐	U+6D90	3
7061	浰	U+6D70	3
7062	浟	U+6D5F	3
7063	浛	U+6D5B	3
7064	浼	U+6D7C	3
7065	浲	U+6D72	3
7066	涘	U+6D98	3
7067	悈	U+6088	3
7068	悃	U+6083	3
7069	悢	U+60A2	3
7070	𬒈	U+2C488	3
7071	宧	U+5BA7	3
7072	窅	U+7A85	3
7073	窊	U+7A8A	3
7074	窎	U+7A8E	3
7075	扅	U+6245	3
7076	扆	U+6246	3
7077	袪	U+88AA	3
7078	袗	U+8897	3
7079	袯	U+88AF	3
7080	祧	U+7967	3
7081	隺	U+96BA	3
7082	堲	U+5832	3
7083	疍	U+758D	3
7084	𨺙	U+28E99	3
7085	陴	U+9674	3
7086	烝	U+70DD	3
7087	砮	U+782E	3
7088	㛚	U+36DA	3
7089	哿	U+54FF	3
7090	翀	U+7FC0	3
7091	翂	U+7FC2	3
7092	剟	U+525F	3
7093	𬳿	U+2CCFF	3
7094	𫄨	U+2B128	3
7095	绤	U+7EE4	3
7096	骍	U+9A8D	3
7097	𬘫	U+2C62B	3
7098	䂮	U+40AE	3
7099	琎	U+740E	3
7100	珸	U+73F8	3
7101	珵	U+73F5	3
7102	琄	U+7404	3
7103	琈	U+7408	3
7104	琀	U+7400	3
7105	珺	U+73FA	3
7106	掭	U+63AD	3
7107	堎	U+580E	3
7108	堐	U+5810	3
7109	埼	U+57FC	3
7110	掎	U+638E	3
7111	埫	U+57EB	3
7112	堌	U+580C	3
7113	晢	U+6662	3
7114	𫮃	U+2BB83	3
7115	掞	U+639E	3
7116	埪	U+57EA	3
7117	壸	U+58F8	3
7118	㙍	U+364D	3
7119	聍	U+804D	3
7120	菝	U+83DD	3
7121	萚	U+841A	3
7122	菥	U+83E5	3
7123	莿	U+83BF	3
7124	䓫	U+44EB	3
7125	勚	U+52DA	3
7126	䓬	U+44EC	3
7127	萆	U+8406	3
7128	菂	U+83C2	3
7129	菍	U+83CD	3
7130	菼	U+83FC	3
7131	萣	U+8423	3
7132	䓨	U+44E8	3
7133	菉	U+83C9	3
7134	䓛	U+44DB	3
7135	梼	U+68BC	3
7136	梽	U+68BD	3
7137	桲	U+6872	3
7138	梾	U+68BE	3
7139	桯	U+686F	3
7140	梣	U+68A3	3
7141	梌	U+688C	3
7142	桹	U+6879	3
7143	敔	U+6554	3
7144	厣	U+53A3	3
7145	硔	U+7854	3
7146	鿎	U+9FCE	3
7147	硙	U+7859	3
7148	硚	U+785A	3
7149	硊	U+784A	3
7150	硍	U+784D	3
7151	勔	U+52D4	3
7152	䴕	U+4D15	3
7153	龁	U+9F81	3
7154	逴	U+9034	3
7155	唪	U+552A	3
7156	啫	U+556B	3
7157	翈	U+7FC8	3
7158	㫰	U+3AF0	3
7159	晙	U+6659	3
7160	畤	U+7564	3
7161	𬱖	U+2CC56	3
7162	趼	U+8DBC	3
7163	跂	U+8DC2	3
7164	蛃	U+86C3	3
7165	蚲	U+86B2	3
7166	𬟽	U+2C7FD	3
7167	蚺	U+86BA	3
7168	啴	U+5574	3
7169	䎃	U+4383	3
7170	崧	U+5D27	3
7171	崟	U+5D1F	3
7172	崞	U+5D1E	3
7173	崒	U+5D12	3
7174	崌	U+5D0C	3
7175	崡	U+5D21	3
7176	铏	U+94CF	3
7177	𫓯	U+2B4EF	3
7178	𫟹	U+2B7F9	3
7179	铕	U+94D5	3
7180	𫟼	U+2B7FC	3
7181	铖	U+94D6	3
7182	铘	U+94D8	3
7183	铚	U+94DA	3
7184	铞	U+94DE	3
7185	铥	U+94E5	3
7186	铴	U+94F4	3
7187	牻	U+727B	3
7188	牿	U+727F	3
7189	稆	U+7A06	3
7190	笱	U+7B31	3
7191	笯	U+7B2F	3
7192	偰	U+5070	3
7193	偡	U+5061	3
7194	鸺	U+9E3A	3
7195	偭	U+506D	3
7196	偲	U+5072	3
7197	偁	U+5041	3
7198	㿠	U+3FE0	3
7199	鄅	U+9105	3
7200	偓	U+5053	3
7201	徛	U+5F9B	3
7202	衒	U+8852	3
7203	舳	U+8233	3
7204	舲	U+8232	3
7205	鸼	U+9E3C	3
7206	悆	U+6086	3
7207	鄃	U+9103	3
7208	瓻	U+74FB	3
7209	䝙	U+4759	3
7210	脶	U+8136	3
7211	脞	U+811E	3
7212	脟	U+811F	3
7213	䏲	U+43F2	3
7214	鱾	U+9C7E	3
7215	猇	U+7307	3
7216	猊	U+730A	3
7217	猄	U+7304	3
7218	觖	U+89D6	3
7219	𠅤	U+20164	3
7220	庱	U+5EB1	3
7221	庼	U+5EBC	3
7222	庳	U+5EB3	3
7223	痓	U+75D3	3
7224	䴔	U+4D14	3
7225	竫	U+7AEB	3
7226	堃	U+5803	3
7227	阌	U+960C	3
7228	羝	U+7F9D	3
7229	羕	U+7F95	3
7230	焆	U+7106	3
7231	烺	U+70FA	3
7232	焌	U+710C	3
7233	淏	U+6DCF	3
7234	𬇹	U+2C1F9	3
7235	淟	U+6DDF	3
7236	淜	U+6DDC	3
7237	淴	U+6DF4	3
7238	淯	U+6DEF	3
7239	湴	U+6E74	3
7240	涴	U+6DB4	3
7241	𬍡	U+2C361	3
7242	㥄	U+3944	3
7243	惛	U+60DB	3
7244	惔	U+60D4	3
7245	悰	U+60B0	3
7246	惙	U+60D9	3
7247	寁	U+5BC1	3
7248	逭	U+902D	3
7249	𬤇	U+2C907	3
7250	𫍯	U+2B36F	3
7251	袼	U+88BC	3
7252	裈	U+88C8	3
7253	祲	U+7972	3
7254	𬤊	U+2C90A	3
7255	𫍲	U+2B372	3
7256	谞	U+8C1E	3
7257	艴	U+8274	3
7258	弸	U+5F38	3
7259	弶	U+5F36	3
7260	𬯎	U+2CBCE	3
7261	隃	U+9683	3
7262	婞	U+5A5E	3
7263	娵	U+5A35	3
7264	婼	U+5A7C	3
7265	媖	U+5A96	3
7266	婳	U+5A73	3
7267	婍	U+5A4D	3
7268	婌	U+5A4C	3
7269	婫	U+5A6B	3
7270	婤	U+5A64	3
7271	婘	U+5A58	3
7272	婠	U+5A60	3
7273	𬘬	U+2C62C	3
7274	𬘭	U+2C62D	3
7275	𬴂	U+2CD02	3
7276	𫘦	U+2B626	3
7277	绹	U+7EF9	3
7278	𫟅	U+2B7C5	3
7279	𬘯	U+2C62F	3
7280	骕	U+9A95	3
7281	𫘧	U+2B627	3
7282	絜	U+7D5C	3
7283	珷	U+73F7	3
7284	琲	U+7432	3
7285	琡	U+7421	3
7286	琟	U+741F	3
7287	琔	U+7414	3
7288	琭	U+742D	3
7289	堾	U+583E	3
7290	堼	U+583C	3
7291	揕	U+63D5	3
7292	㙘	U+3658	3
7293	堧	U+5827	3
7294	喆	U+5586	3
7295	堨	U+5828	3
7296	塅	U+5845	3
7297	堠	U+5820	3
7298	絷	U+7D77	3
7299	𪣻	U+2A8FB	3
7300	𡎚	U+2139A	3
7301	葜	U+845C	3
7302	惎	U+60CE	3
7303	萳	U+8433	3
7304	葙	U+8459	3
7305	靬	U+976C	3
7306	葴	U+8474	3
7307	蒇	U+8487	3
7308	蒈	U+8488	3
7309	鄚	U+911A	3
7310	蒉	U+8489	3
7311	蓇	U+84C7	3
7312	萩	U+8429	3
7313	蒐	U+8490	3
7314	葰	U+8470	3
7315	葎	U+844E	3
7316	鄑	U+9111	3
7317	蒎	U+848E	3
7318	葖	U+8456	3
7319	蒄	U+8484	3
7320	萹	U+8439	3
7321	棤	U+68E4	3
7322	棽	U+68FD	3
7323	棫	U+68EB	3
7324	椓	U+6913	3
7325	椑	U+6911	3
7326	𬃊	U+2C0CA	3
7327	鹀	U+9E40	3
7328	椆	U+6906	3
7329	棓	U+68D3	3
7330	棬	U+68EC	3
7331	棪	U+68EA	3
7332	椀	U+6900	3
7333	楗	U+6957	3
7334	𬷕	U+2CDD5	3
7335	甦	U+7526	3
7336	酦	U+9166	3
7337	觌	U+89CC	3
7338	奡	U+5961	3
7339	皕	U+7695	3
7340	硪	U+786A	3
7341	欹	U+6B39	3
7342	詟	U+8A5F	3
7343	𫐐	U+2B410	3
7344	辌	U+8F8C	3
7345	棐	U+68D0	3
7346	龂	U+9F82	3
7347	𬹼	U+2CE7C	3
7348	黹	U+9EF9	3
7349	牚	U+725A	3
7350	睎	U+774E	3
7351	晫	U+666B	3
7352	晪	U+666A	3
7353	晱	U+6671	3
7354	𧿹	U+27FF9	3
7355	蛑	U+86D1	3
7356	畯	U+756F	3
7357	斝	U+659D	3
7358	喤	U+55A4	3
7359	崶	U+5D36	3
7360	嵁	U+5D41	3
7361	𫶇	U+2BD87	3
7362	崾	U+5D3E	3
7363	嵅	U+5D45	3
7364	崿	U+5D3F	3
7365	嵚	U+5D5A	3
7366	翙	U+7FD9	3
7367	𫖮	U+2B5AE	3
7368	圌	U+570C	3
7369	圐	U+5710	3
7370	赑	U+8D51	3
7371	淼	U+6DFC	3
7372	赒	U+8D52	3
7373	鿏	U+9FCF	3
7374	铹	U+94F9	3
7375	𬭊	U+2CB4A	3
7376	铽	U+94FD	3
7377	𨱇	U+28C47	3
7378	𫓶	U+2B4F6	3
7379	锊	U+950A	3
7380	锍	U+950D	3
7381	锎	U+950E	3
7382	𬭎	U+2CB4E	3
7383	锓	U+9513	3
7384	犇	U+7287	3
7385	颋	U+988B	3
7386	稌	U+7A0C	3
7387	筀	U+7B40	3
7388	筘	U+7B58	3
7389	筜	U+7B5C	3
7390	筥	U+7B65	3
7391	筅	U+7B45	3
7392	傃	U+5083	3
7393	傉	U+5089	3
7394	翛	U+7FDB	3
7395	傒	U+5092	3
7396	傕	U+5095	3
7397	舾	U+823E	3
7398	畬	U+756C	3
7399	𫖯	U+2B5AF	3
7400	脿	U+813F	3
7401	腘	U+8158	3
7402	䐃	U+4403	3
7403	腙	U+8159	3
7404	腒	U+8152	3
7405	𬱟	U+2CC5F	3
7406	鲃	U+9C83	3
7407	猰	U+7330	3
7408	𫛭	U+2B6ED	3
7409	猯	U+732F	3
7410	㺄	U+3E84	3
7411	馉	U+9989	3
7412	凓	U+51D3	3
7413	鄗	U+9117	3
7414	𫷷	U+2BDF7	3
7415	廋	U+5ECB	3
7416	廆	U+5EC6	3
7417	鄌	U+910C	3
7418	粢	U+7CA2	3
7419	遆	U+9046	3
7420	旐	U+65D0	3
7421	𬮱	U+2CBB1	3
7422	焞	U+711E	3
7423	𬊤	U+2C2A4	3
7424	欻	U+6B3B	3
7425	𣸣	U+23E23	3
7426	溚	U+6E9A	3
7427	溁	U+6E81	3
7428	湝	U+6E5D	3
7429	渰	U+6E30	3
7430	湓	U+6E53	3
7431	㴔	U+3D14	3
7432	渟	U+6E1F	3
7433	溠	U+6EA0	3
7434	渼	U+6E3C	3
7435	溇	U+6E87	3
7436	湣	U+6E63	3
7437	湑	U+6E51	3
7438	溞	U+6E9E	3
7439	愐	U+6110	3
7440	愃	U+6103	3
7441	敩	U+6569	3
7442	甯	U+752F	3
7443	棨	U+68E8	3
7444	扊	U+624A	3
7445	裣	U+88E3	3
7446	祼	U+797C	3
7447	婻	U+5A7B	3
7448	媆	U+5A86	3
7449	媞	U+5A9E	3
7450	㛹	U+36F9	3
7451	媓	U+5A93	3
7452	媂	U+5A82	3
7453	媄	U+5A84	3
7454	毵	U+6BF5	3
7455	矞	U+77DE	3
7456	𬴃	U+2CD03	3
7457	𫘨	U+2B628	3
7458	缊	U+7F0A	3
7459	缐	U+7F10	3
7460	骙	U+9A99	3
7461	瑃	U+7443	3
7462	瑓	U+7453	3
7463	瑅	U+7445	3
7464	瑆	U+7446	3
7465	䴖	U+4D16	3
7466	瑖	U+7456	3
7467	瑝	U+745D	3
7468	瑔	U+7454	3
7469	瑀	U+7440	3
7470	𤧛	U+249DB	3
7471	瑳	U+7473	3
7472	瑂	U+7442	3
7473	嶅	U+5D85	3
7474	瑑	U+7451	3
7475	遘	U+9058	3
7476	髢	U+9AE2	3
7477	塥	U+5865	3
7478	堽	U+583D	3
7479	赪	U+8D6A	3
7480	摛	U+645B	3
7481	塝	U+585D	3
7482	搒	U+6412	3
7483	搌	U+640C	3
7484	蒱	U+84B1	3
7485	蒨	U+84A8	3
7486	蓏	U+84CF	3
7487	蔀	U+8500	3
7488	蓢	U+84E2	3
7489	蓂	U+84C2	3
7490	蒻	U+84BB	3
7491	蓣	U+84E3	3
7492	椹	U+6939	3
7493	楪	U+696A	3
7494	榃	U+6983	3
7495	榅	U+6985	3
7496	楒	U+6952	3
7497	楞	U+695E	3
7498	楩	U+6969	3
7499	榇	U+6987	3
7500	椸	U+6938	3
7501	楙	U+6959	3
7502	歅	U+6B45	3
7503	𬪩	U+2CAA9	3
7504	碃	U+7883	3
7505	碏	U+788F	3
7506	𬒔	U+2C494	3
7507	碈	U+7888	3
7508	䃅	U+40C5	3
7509	硿	U+787F	3
7510	鄠	U+9120	3
7511	辒	U+8F92	3
7512	𬨎	U+2CA0E	3
7513	𫐓	U+2B413	3
7514	龆	U+9F86	3
7515	觜	U+89DC	3
7516	䣘	U+48D8	3
7517	暕	U+6695	3
7518	鹍	U+9E4D	3
7519	𫫇	U+2BAC7	3
7520	㬊	U+3B0A	3
7521	暅	U+6685	3
7522	跱	U+8DF1	3
7523	蜐	U+8710	3
7524	蜎	U+870E	3
7525	嵲	U+5D72	3
7526	赗	U+8D57	3
7527	骱	U+9AB1	3
7528	锖	U+9516	3
7529	𫓹	U+2B4F9	3
7530	锘	U+9518	3
7531	锳	U+9533	3
7532	锧	U+9527	3
7533	锪	U+952A	3
7534	𬭚	U+2CB5A	3
7535	锫	U+952B	3
7536	锬	U+952C	3
7537	𬭛	U+2CB5B	3
7538	稑	U+7A11	3
7539	稙	U+7A19	3
7540	䅟	U+415F	3
7541	𬕂	U+2C542	3
7542	筻	U+7B7B	3
7543	筼	U+7B7C	3
7544	筶	U+7B76	3
7545	筦	U+7B66	3
7546	筤	U+7B64	3
7547	傺	U+50BA	3
7548	鹎	U+9E4E	3
7549	僇	U+50C7	3
7550	艅	U+8245	3
7551	艉	U+8249	3
7552	谼	U+8C3C	3
7553	貆	U+8C86	3
7554	腽	U+817D	3
7555	腨	U+8168	3
7556	腯	U+816F	3
7557	鲉	U+9C89	3
7558	鲊	U+9C8A	3
7559	鲌	U+9C8C	3
7560	䲟	U+4C9F	3
7561	𬶋	U+2CD8B	3
7562	𬶍	U+2CD8D	3
7563	鲏	U+9C8F	3
7564	雊	U+96CA	3
7565	猺	U+733A	3
7566	飔	U+98D4	3
7567	觟	U+89DF	3
7568	𦝼	U+2677C	3
7569	馌	U+998C	3
7570	裛	U+88DB	3
7571	廒	U+5ED2	3
7572	瘀	U+7600	3
7573	瘅	U+7605	3
7574	鄘	U+9118	3
7575	鹒	U+9E52	3
7576	鄜	U+911C	3
7577	麀	U+9E80	3
7578	鄣	U+9123	3
7579	阘	U+9618	3
7580	𫔶	U+2B536	3
7581	煁	U+7141	3
7582	煃	U+7143	3
7583	煴	U+7174	3
7584	煋	U+714B	3
7585	煟	U+715F	3
7586	煓	U+7153	3
7587	滠	U+6EE0	3
7588	溍	U+6E8D	3
7589	溹	U+6EB9	3
7590	滆	U+6EC6	3
7591	滉	U+6EC9	3
7592	溦	U+6EA6	3
7593	溵	U+6EB5	3
7594	漷	U+6F37	3
7595	滧	U+6EE7	3
7596	滘	U+6ED8	3
7597	滍	U+6ECD	3
7598	愭	U+612D	3
7599	慥	U+6165	3
7600	慆	U+6146	3
7601	塱	U+5871	3
7602	𫌀	U+2B300	3
7603	裼	U+88FC	3
7604	禋	U+798B	3
7605	禔	U+7994	3
7606	禘	U+7998	3
7607	禒	U+7992	3
7608	谫	U+8C2B	3
7609	鹔	U+9E54	3
7610	𫖳	U+2B5B3	3
7611	愍	U+610D	3
7612	嫄	U+5AC4	3
7613	媱	U+5AB1	3
7614	戤	U+6224	3
7615	勠	U+52E0	3
7616	戣	U+6223	3
7617	𫘪	U+2B62A	3
7618	𫘬	U+2B62C	3
7619	缞	U+7F1E	3
7620	耤	U+8024	3
7621	瑧	U+7467	3
7622	𫞩	U+2B7A9	3
7623	瑨	U+7468	3
7624	瑱	U+7471	3
7625	瑷	U+7477	3
7626	瑢	U+7462	3
7627	斠	U+65A0	3
7628	摏	U+644F	3
7629	墕	U+5895	3
7630	墈	U+5888	3
7631	墐	U+5890	3
7632	墘	U+5898	3
7633	摴	U+6474	3
7634	銎	U+928E	3
7635	𡐓	U+21413	3
7636	墚	U+589A	3
7637	撖	U+6496	3
7638	𪤗	U+2A917	3
7639	靽	U+977D	3
7640	鞁	U+9781	3
7641	蔌	U+850C	3
7642	蔈	U+8508	3
7643	蓰	U+84F0	3
7644	蔹	U+8539	3
7645	蔊	U+850A	3
7646	嘏	U+560F	3
7647	榰	U+69B0	3
7648	榑	U+6991	3
7649	槚	U+69DA	3
7650	𣗋	U+235CB	3
7651	槜	U+69DC	3
7652	榍	U+698D	3
7653	疐	U+7590	3
7654	𬸘	U+2CE18	3
7655	酺	U+917A	3
7656	酾	U+917E	3
7657	酲	U+9172	3
7658	酴	U+9174	3
7659	碶	U+78B6	3
7660	䃎	U+40CE	3
7661	𬒗	U+2C497	3
7662	碨	U+78A8	3
7663	𥔲	U+25532	3
7664	碹	U+78B9	3
7665	碥	U+78A5	3
7666	劂	U+5282	3
7667	𫚖	U+2B696	3
7668	䴗	U+4D17	3
7669	夥	U+5925	3
7670	瞍	U+778D	3
7671	鹖	U+9E56	3
7672	㬎	U+3B0E	3
7673	跽	U+8DFD	3
7674	蜾	U+873E	3
7675	幖	U+5E56	3
7676	嶍	U+5D8D	3
7677	圙	U+5719	3
7678	𨱏	U+28C4F	3
7679	锺	U+953A	3
7680	锼	U+953C	3
7681	锽	U+953D	3
7682	𬭤	U+2CB64	3
7683	锾	U+953E	3
7684	锿	U+953F	3
7685	镃	U+9543	3
7686	镄	U+9544	3
7687	镅	U+9545	3
7688	馝	U+999D	3
7689	鹙	U+9E59	3
7690	箨	U+7BA8	3
7691	箖	U+7B96	3
7692	劄	U+5284	3
7693	僬	U+50EC	3
7694	僦	U+50E6	3
7695	僔	U+50D4	3
7696	僎	U+50CE	3
7697	槃	U+69C3	3
7698	㙦	U+3666	3
7699	鲒	U+9C92	3
7700	鲕	U+9C95	3
7701	𫚕	U+2B695	3
7702	鲖	U+9C96	3
7703	鲗	U+9C97	3
7704	鲘	U+9C98	3
7705	鲙	U+9C99	3
7706	𬶐	U+2CD90	3
7707	𬶏	U+2CD8F	3
7708	𩽾	U+29F7E	3
7709	夐	U+5910	3
7710	獍	U+734D	3
7711	飗	U+98D7	3
7712	𬸚	U+2CE1A	3
7713	凘	U+51D8	3
7714	廑	U+5ED1	3
7715	廙	U+5ED9	3
7716	瘗	U+7617	3
7717	瘥	U+7625	3
7718	瘕	U+7615	3
7719	鲝	U+9C9D	3
7720	鄫	U+912B	3
7721	熇	U+7187	3
7722	漹	U+6F39	3
7723	漖	U+6F16	3
7724	潆	U+6F46	3
7725	漤	U+6F24	3
7726	潩	U+6F69	3
7727	漼	U+6F3C	3
7728	漴	U+6F34	3
7729	㽏	U+3F4F	3
7730	漈	U+6F08	3
7731	漋	U+6F0B	3
7732	漻	U+6F3B	3
7733	慬	U+616C	3
7734	窬	U+7AAC	3
7735	窭	U+7AAD	3
7736	㮾	U+3BBE	3
7737	𬤝	U+2C91D	3
7738	褕	U+8915	3
7739	禛	U+799B	3
7740	禚	U+799A	3
7741	隩	U+96A9	3
7742	嫕	U+5AD5	3
7743	嫭	U+5AED	3
7744	嫜	U+5ADC	3
7745	嫪	U+5AEA	3
7746	𬙂	U+2C642	3
7747	㻬	U+3EEC	3
7748	麹	U+9EB9	3
7749	璆	U+7486	3
7750	漦	U+6F26	3
7751	叇	U+53C7	3
7752	墣	U+58A3	3
7753	墦	U+58A6	3
7754	墡	U+58A1	3
7755	劐	U+5290	3
7756	薁	U+8581	3
7757	蕰	U+8570	3
7758	蔃	U+8503	3
7759	鼒	U+9F12	3
7760	槱	U+69F1	3
7761	鹝	U+9E5D	3
7762	磏	U+78CF	3
7763	磉	U+78C9	3
7764	殣	U+6BA3	3
7765	慭	U+616D	3
7766	霅	U+9705	3
7767	暵	U+66B5	3
7768	暲	U+66B2	3
7769	暶	U+66B6	3
7770	踦	U+8E26	3
7771	踣	U+8E23	3
7772	䗖	U+45D6	3
7773	蝘	U+8758	3
7774	蝲	U+8772	3
7775	蝤	U+8764	3
7776	噇	U+5647	3
7777	噂	U+5642	3
7778	噀	U+5640	3
7779	罶	U+7F76	3
7780	嶲	U+5DB2	3
7781	嶓	U+5D93	3
7782	㠇	U+3807	3
7783	嶟	U+5D9F	3
7784	嶒	U+5D92	3
7785	镆	U+9546	3
7786	镈	U+9548	3
7787	镋	U+954B	3
7788	镎	U+954E	3
7789	𬭩	U+2CB69	3
7790	镕	U+9555	3
7791	稹	U+7A39	3
7792	儇	U+5107	3
7793	皞	U+769E	3
7794	皛	U+769B	3
7795	䴘	U+4D18	3
7796	艎	U+824E	3
7797	艏	U+824F	3
7798	鹟	U+9E5F	3
7799	𩾃	U+29F83	3
7800	鲦	U+9CA6	3
7801	鲪	U+9CAA	3
7802	鲬	U+9CAC	3
7803	橥	U+6A65	3
7804	觭	U+89ED	3
7805	鹠	U+9E60	3
7806	鹡	U+9E61	3
7807	糇	U+7CC7	3
7808	糈	U+7CC8	3
7809	翦	U+7FE6	3
7810	鹢	U+9E62	3
7811	鹣	U+9E63	3
7812	熛	U+719B	3
7813	潖	U+6F56	3
7814	潵	U+6F75	3
7815	㵐	U+3D50	3
7816	澂	U+6F82	3
7817	澛	U+6F9B	3
7818	瑬	U+746C	3
7819	潽	U+6F7D	3
7820	潾	U+6F7E	3
7821	潏	U+6F4F	3
7822	憭	U+61AD	3
7823	憕	U+6195	3
7824	𬸣	U+2CE23	3
7825	戭	U+622D	3
7826	褯	U+892F	3
7827	禤	U+79A4	3
7828	𫍽	U+2B37D	3
7829	嫽	U+5AFD	3
7830	遹	U+9079	3
7831	𬴊	U+2CD0A	3
7832	璥	U+74A5	3
7833	璲	U+74B2	3
7834	璒	U+7492	3
7835	憙	U+6199	3
7836	擐	U+64D0	3
7837	鄹	U+9139	3
7838	薳	U+85B3	3
7839	鞔	U+9794	3
7840	黇	U+9EC7	3
7841	𬞟	U+2C79F	3
7842	蕗	U+8557	3
7843	薢	U+85A2	3
7844	蕹	U+8579	3
7845	橞	U+6A5E	3
7846	橑	U+6A51	3
7847	橦	U+6A66	3
7848	醑	U+9191	3
7849	觱	U+89F1	3
7850	磡	U+78E1	3
7851	𥕢	U+25562	3
7852	磜	U+78DC	3
7853	豮	U+8C6E	3
7854	𫟦	U+2B7E6	3
7855	𬺈	U+2CE88	3
7856	𫠜	U+2B81C	3
7857	鹾	U+9E7E	3
7858	虤	U+8664	3
7859	暿	U+66BF	3
7860	曌	U+66CC	3
7861	曈	U+66C8	3
7862	㬚	U+3B1A	3
7863	蹅	U+8E45	3
7864	踶	U+8E36	3
7865	䗛	U+45DB	3
7866	螗	U+8797	3
7867	疁	U+7581	3
7868	㠓	U+3813	3
7869	幪	U+5E6A	3
7870	𪩘	U+2AA58	3
7871	嶦	U+5DA6	3
7872	𬭬	U+2CB6C	3
7873	𨱑	U+28C51	3
7874	𬭯	U+2CB6F	3
7875	馞	U+999E	3
7876	穄	U+7A44	3
7877	篚	U+7BDA	3
7878	篯	U+7BEF	3
7879	簉	U+7C09	3
7880	鼽	U+9F3D	3
7881	衠	U+8860	3
7882	盦	U+76E6	3
7883	螣	U+87A3	3
7884	縢	U+7E22	3
7885	鲭	U+9CAD	3
7886	鲯	U+9CAF	3
7887	鲰	U+9CB0	3
7888	鲺	U+9CBA	3
7889	鲹	U+9CB9	3
7890	𫗴	U+2B5F4	3
7891	亸	U+4EB8	3
7892	癀	U+7640	3
7893	瘭	U+762D	3
7894	𬸦	U+2CE26	3
7895	羱	U+7FB1	3
7896	糒	U+7CD2	3
7897	燋	U+71CB	3
7898	熻	U+71BB	3
7899	燊	U+71CA	3
7900	燚	U+71DA	3
7901	燏	U+71CF	3
7902	濩	U+6FE9	3
7903	濋	U+6FCB	3
7904	澪	U+6FAA	3
7905	澽	U+6FBD	3
7906	澴	U+6FB4	3
7907	澭	U+6FAD	3
7908	澼	U+6FBC	3
7909	憷	U+61B7	3
7910	憺	U+61BA	3
7911	懔	U+61D4	3
7912	黉	U+9EC9	3
7913	嬛	U+5B1B	3
7914	鹨	U+9E68	3
7915	翯	U+7FEF	3
7916	𫄷	U+2B137	3
7917	璱	U+74B1	3
7918	𤩽	U+24A7D	3
7919	璬	U+74AC	3
7920	璮	U+74AE	3
7921	髽	U+9AFD	3
7922	擿	U+64FF	3
7923	薿	U+85BF	3
7924	薸	U+85B8	3
7925	檑	U+6A91	3
7926	櫆	U+6AC6	3
7927	檞	U+6A9E	3
7928	醨	U+91A8	3
7929	繄	U+7E44	3
7930	磹	U+78F9	3
7931	磻	U+78FB	3
7932	瞫	U+77AB	3
7933	瞵	U+77B5	3
7934	蹐	U+8E50	3
7935	蟏	U+87CF	3
7936	㘎	U+360E	3
7937	𬭳	U+2CB73	3
7938	镤	U+9564	3
7939	𬭶	U+2CB76	3
7940	𫔍	U+2B50D	3
7941	镥	U+9565	3
7942	镨	U+9568	3
7943	𬭸	U+2CB78	3
7944	𨱔	U+28C54	3
7945	𬭼	U+2CB7C	3
7946	𫔎	U+2B50E	3
7947	矰	U+77F0	3
7948	穙	U+7A59	3
7949	穜	U+7A5C	3
7950	穟	U+7A5F	3
7951	簕	U+7C15	3
7952	簃	U+7C03	3
7953	簏	U+7C0F	3
7954	儦	U+5126	3
7955	魋	U+9B4B	3
7956	斶	U+65B6	3
7957	艚	U+825A	3
7958	𬸪	U+2CE2A	3
7959	谿	U+8C3F	3
7960	䲠	U+4CA0	3
7961	𬶟	U+2CD9F	3
7962	鲾	U+9CBE	3
7963	𬶠	U+2CDA0	3
7964	鲿	U+9CBF	3
7965	鳁	U+9CC1	3
7966	鳂	U+9CC2	3
7967	鳈	U+9CC8	3
7968	鳉	U+9CC9	3
7969	獯	U+736F	3
7970	䗪	U+45EA	3
7971	馘	U+9998	3
7972	襕	U+8955	3
7973	襚	U+895A	3
7974	𬶨	U+2CDA8	3
7975	螱	U+87B1	3
7976	甓	U+7513	3
7977	嬬	U+5B2C	3
7978	嬥	U+5B25	3
7979	𦈡	U+26221	3
7980	𫄸	U+2B138	3
7981	瓀	U+74C0	3
7982	釐	U+91D0	3
7983	鬶	U+9B36	3
7984	爇	U+7207	3
7985	鞳	U+97B3	3
7986	鞮	U+97AE	3
7987	𬟁	U+2C7C1	3
7988	藟	U+85DF	3
7989	藦	U+85E6	3
7990	藨	U+85E8	3
7991	鹲	U+9E72	3
7992	檫	U+6AAB	3
7993	黡	U+9EE1	3
7994	礞	U+791E	3
7995	礌	U+790C	3
7996	𥖨	U+255A8	3
7997	蹢	U+8E62	3
7998	蹜	U+8E5C	3
7999	蟫	U+87EB	3
8000	䗴	U+45F4	3
8001	嚚	U+569A	3
8002	髃	U+9AC3	3
8003	镮	U+956E	3
8004	镱	U+9571	3
8005	酂	U+9142	3
8006	馧	U+99A7	3
8007	簠	U+7C20	3
8008	簝	U+7C1D	3
8009	簰	U+7C30	3
8010	鼫	U+9F2B	3
8011	鼩	U+9F29	3
8012	皦	U+76A6	3
8013	臑	U+81D1	3
8014	䲢	U+4CA2	3
8015	鳑	U+9CD1	3
8016	鳒	U+9CD2	3
8017	鹱	U+9E71	3
8018	鹯	U+9E6F	3
8019	癗	U+7657	3
8020	𦒍	U+2648D	3
8021	旞	U+65DE	3
8022	翷	U+7FF7	3
8023	冁	U+5181	3
8024	䎖	U+4396	3
8025	瀔	U+7014	3
8026	瀍	U+700D	3
8027	瀌	U+700C	3
8028	襜	U+895C	3
8029	䴙	U+4D19	3
8030	𬙊	U+2C64A	3
8031	嚭	U+56AD	3
8032	㰀	U+3C00	3
8033	鬷	U+9B37	3
8034	醭	U+91AD	3
8035	蹯	U+8E6F	3
8036	蠋	U+880B	3
8037	翾	U+7FFE	3
8038	鳘	U+9CD8	3
8039	儳	U+5133	3
8040	儴	U+5134	3
8041	鼗	U+9F17	3
8042	𬶭	U+2CDAD	3
8043	𩾌	U+29F8C	3
8044	鳚	U+9CDA	3
8045	鳛	U+9CDB	3
8046	麑	U+9E91	3
8047	麖	U+9E96	3
8048	蠃	U+8803	3
8049	彟	U+5F5F	3
8050	嬿	U+5B3F	3
8051	鬒	U+9B12	3
8052	蘘	U+8618	3
8053	欂	U+6B02	3
8054	醵	U+91B5	3
8055	颥	U+98A5	3
8056	甗	U+7517	3
8057	𨟠	U+287E0	3
8058	巇	U+5DC7	3
8059	酅	U+9145	3
8060	髎	U+9ACE	3
8061	犨	U+72A8	3
8062	𬶮	U+2CDAE	3
8063	𨭉	U+28B49	3
8064	㸌	U+3E0C	3
8065	爔	U+7214	3
8066	瀱	U+7031	3
8067	瀹	U+7039	3
8068	瀼	U+703C	3
8069	瀵	U+7035	3
8070	襫	U+896B	3
8071	孅	U+5B45	3
8072	骦	U+9AA6	3
8073	𬙋	U+2C64B	3
8074	耰	U+8030	3
8075	𤫉	U+24AC9	3
8076	瓖	U+74D6	3
8077	鬘	U+9B18	3
8078	趯	U+8DAF	3
8079	𬺓	U+2CE93	3
8080	罍	U+7F4D	3
8081	鼱	U+9F31	3
8082	鳠	U+9CE0	3
8083	鳡	U+9CE1	3
8084	鳣	U+9CE3	3
8085	爟	U+721F	3
8086	爚	U+721A	3
8087	灈	U+7048	3
8088	韂	U+97C2	3
8089	糵	U+7CF5	3
8090	蘼	U+863C	3
8091	礵	U+7935	3
8092	鹴	U+9E74	3
8093	躔	U+8E94	3
8094	皭	U+76AD	3
8095	龢	U+9FA2	3
8096	鳤	U+9CE4	3
8097	亹	U+4EB9	3
8098	籥	U+7C65	3
8099	鼷	U+9F37	3
8100	𫚭	U+2B6AD	3
8101	玃	U+7383	3
8102	醾	U+91BE	3
8103	齇	U+9F47	3
8104	觿	U+89FF	3
8105	蠼	U+883C	3
